# WaveFront *.obj file (generated by CINEMA 4D)

mtllib ./sector_01.mtl

v 31.99995040893555 -8 -8.00010013580322
v 36.23400115966797 8 -1.75
v 35.76599884033203 4 -1.75
v 36.23400115966797 4 -1.75
v 36.23400115966797 4 -2.25
v 36.23400115966797 8 -2.25
v 35.76599884033203 4 -2.25
v 35.75 4 -2.23399996757507
v 35.75 8 -2.23399996757507
v 35.75 8 -1.76600003242493
v 35.75 4 -1.76600003242493
v 35.76599884033203 8 -1.75
v 36.25 4 -1.76600003242493
v 36.25 8 -1.76600003242493
v 36.25 8 -2.23399996757507
v 36.25 4 -2.23399996757507
v 35.76599884033203 8 -2.25
v 31.99995040893555 -8 -16.00009918212891
v 28 -3.99990510940552 -16.00009918212891
v 32.00004959106445 -3.99998688697815 -16.00009918212891
v 28 -3.76600003242493 -15.25
v 32 -3.76600003242493 -15.25
v 28 -4.25 -15.26599979400635
v 28 -4.25 -15.73400020599365
v 32 -3.76600003242493 -15.75
v 28 -4.23400020599365 -15.75
v 32 -3.75 -15.26599979400635
v 32 -3.75 -15.73400020599365
v 28 -3.75 -15.26599979400635
v 32 -4.23400020599365 -15.25
v 28 -4.23400020599365 -15.25
v 32 -4.25 -15.26599979400635
v 32 -4.25 -15.73400020599365
v 28 -3.75 -15.73400020599365
v 28 -3.76600003242493 -15.75
v 29.25 3.98399996757507 -16
v 29.23399925231934 3.5 -16
v 29.23399925231934 3.99585890769958 -12.00772953033447
v 29.23399925231934 4 -16
v 29.25 3.51600003242493 -16
v 28.75 3.51600003242493 -13.86040019989014
v 28.76600074768066 3.5 -13.87430000305176
v 28.76600074768066 3.5 -16
v 28.75 3.51600003242493 -16
v 29.23399925231934 3.50414109230042 -13.84284019470215
v 29.23399925231934 3.5 -13.87430000305176
v 28.76600074768066 3.50414109230042 -13.84284019470215
v 28.76600074768066 3.99585890769958 -12.00772953033447
v 28.75 3.98399996757507 -16
v 28.76600074768066 4 -16
v 28.75 3.98399996757507 -12.11380004882812
v 29.25 3.98399996757507 -12.11380004882812
v 29.25 3.51600003242493 -13.86040019989014
v 36.00004959106445 -4.05000019073486 -1.99989998340607
v 36.00004959106445 -4.05000019073486 -6.00010013580322
v 31.99995040893555 -4.05000019073486 -6.00010013580322
v 31.99995040893555 -4.05000019073486 -1.99989998340607
v 36.00500106811523 -4 -6
v 36 -4.0001049041748 -1.99989998340607
v 28 -0.26599991321564 -11.75
v 28 -0.24999989569187 -11.76599979400635
v 32 -0.26599991321564 -11.75
v 32 -0.73400008678436 -11.75
v 28 -0.75000011920929 -11.76599979400635
v 28 -0.73400008678436 -11.75
v 28 -0.73400008678436 -12.25
v 28 -0.75000011920929 -12.23400020599365
v 32 -0.73400008678436 -12.25
v 28 -0.24999989569187 -12.23400020599365
v 28 -0.26599991321564 -12.25
v 32 -0.24999989569187 -12.23400020599365
v 36 -4.23400115966797 -11.75
v 32 -3.76600003242493 -11.75
v 36 -4.25 -12.23400020599365
v 32 -4.25 -11.76599979400635
v 36 -4.25 -11.76599979400635
v 36 -4.23400115966797 -12.25
v 36 -3.75 -11.76599979400635
v 36 -3.76600003242493 -11.75
v 32 -4.23400115966797 -11.75
v 32 -4.25 -12.23400020599365
v 36 -3.76600003242493 -12.25
v 36 -3.75 -12.23400020599365
v 32.00009918212891 -0.00010498890333 -16
v 32.00004959106445 -3.99998593330383 -11.99989986419678
v 32.00009918212891 -6.67213106155396 -10.00940990447998
v 32.00009918212891 -6.89166212081909 -10.33656024932861
v 32.00009918212891 -6.67213106155396 -10.30237007141113
v 32.00009918212891 -6.89166212081909 -10.62952041625977
v 32.00009918212891 -7.11119222640991 -10.95666980743408
v 32.00009918212891 -6.68793201446533 -10.31935977935791
v 32.00009918212891 -6.90746307373047 -10.64651012420654
v 32.00009918212891 -7.12699317932129 -10.97366046905518
v 32.00009918212891 -4.2160849571228 -6.29996299743652
v 32.00009918212891 -4.19977283477783 -6.28298616409302
v 32.00009918212891 -4.6653208732605 -6.98196315765381
v 32.00009918212891 -4.64951992034912 -6.96497583389282
v 32.00009918212891 -4.44579076766968 -6.94777393341064
v 32.00009918212891 -4.6653208732605 -7.27492618560791
v 32.00009918212891 -5.11455678939819 -7.66396188735962
v 32.00009918212891 -4.24206113815308 -6.63760995864868
v 32.00009918212891 -4.68112182617188 -7.29191303253174
v 32.00009918212891 -5.55361795425415 -8.31826400756836
v 32.00009918212891 -5.33408689498901 -8.28407573699951
v 32.00009918212891 -5.75734710693359 -8.62842845916748
v 32.00009918212891 -5.55361795425415 -8.61122703552246
v 32.00009918212891 -5.34988880157471 -8.30106258392334
v 32.00009918212891 -5.56941890716553 -8.62821388244629
v 32.00009918212891 -6.46840190887451 -9.99220371246338
v 27.99990081787109 -7.33123397827148 -10.9908504486084
v 27.99990081787109 -6.89166212081909 -10.33656024932861
v 27.99990081787109 -6.67213106155396 -10.00940990447998
v 27.99990081787109 -5.77366018295288 -8.64540576934814
v 27.99990081787109 -5.55361795425415 -8.31826400756836
v 27.99990081787109 -4.6653208732605 -6.98196315765381
v 27.99990081787109 -4.44579076766968 -6.65481090545654
v 27.99990081787109 -4.2160849571228 -6.29996299743652
v 27.99995040893555 -4 -6.00010013580322
v 27.99990081787109 -4.4299898147583 -6.63782501220703
v 27.99990081787109 -4.24206113815308 -6.63760995864868
v 27.99990081787109 -6.89166212081909 -10.62952041625977
v 27.99990081787109 -4 -6.27551794052124
v 27.99990081787109 -7.78046894073486 -11.96580982208252
v 27.99990081787109 -7.54513788223267 -11.32870960235596
v 27.99990081787109 -7.12699317932129 -10.97366046905518
v 27.99990081787109 -6.67213106155396 -10.30237007141113
v 27.99990081787109 -6.68793201446533 -10.31935024261475
v 27.99990081787109 -6.45208978652954 -9.9752254486084
v 27.99990081787109 -6.46840190887451 -9.99220371246338
v 27.99990081787109 -5.55361795425415 -8.61122608184814
v 27.99990081787109 -5.56941890716553 -8.62821292877197
v 27.99990081787109 -5.33408689498901 -8.2840747833252
v 27.99990081787109 -5.34988880157471 -8.30106258392334
v 27.99990081787109 -4.89451599121094 -7.62978315353394
v 27.99990081787109 -4.91082811355591 -7.64675998687744
v 27.99990081787109 -4.6653208732605 -7.27492523193359
v 28 -8 -5.99999713897705
v 32.00009918212891 -5.13035821914673 -7.97391176223755
v 36.00004959106445 -8 -8.00010013580322
v 27.99995040893555 -4 -1.99989998340607
v 35.5 3.98399996757507 -12.11380004882812
v 35.5 3.98399996757507 -16
v 35.01599884033203 3.5 -16
v 35 3.98399996757507 -16
v 35 3.51600003242493 -13.86040019989014
v 35 3.98399996757507 -12.11380004882812
v 35.48400115966797 4 -16
v 35.48400115966797 3.5 -13.87430000305176
v 35.48400115966797 3.5 -16
v 35.48400115966797 3.99585890769958 -12.00772953033447
v 35 3.51600003242493 -16
v 35.01599884033203 3.5 -13.87430000305176
v 35.48400115966797 3.50414109230042 -13.84284019470215
v 35.01599884033203 3.50414109230042 -13.84284019470215
v 35.01599884033203 4 -16
v 35.01599884033203 3.99585890769958 -12.00772953033447
v 35.5 3.51600003242493 -13.86040019989014
v 35.5 3.51600003242493 -16
v 32 4.98400115966797 -11.75
v 28 4.5 -11.76599979400635
v 28 4.5 -12.23400020599365
v 28 4.51599979400635 -12.25
v 28 4.98400115966797 -12.25
v 28 5 -12.23400020599365
v 28 4.98400115966797 -11.75
v 28 5 -11.76599979400635
v 28 4.51599979400635 -11.75
v 32 4.5 -11.76599979400635
v 32 4.5 -12.23400020599365
v 32 -2.98868703842163 -2.34224009513855
v 28 -3.01131391525269 -1.65776002407074
v 32 -2.98868703842163 -1.65776002407074
v 28 -2.98868703842163 -1.65776002407074
v 28 -2.65776109695435 -1.98868596553802
v 32 -2.65776109695435 -2.01131391525269
v 32 -2.65776109695435 -1.98868596553802
v 28 -2.65776109695435 -2.01131391525269
v 28 -2.98868703842163 -2.34224009513855
v 28 -3.01131391525269 -2.34224009513855
v 28 -3.34224009513855 -2.01131391525269
v 28 -3.34224009513855 -1.98868596553802
v 32.00004959106445 4.00001287460327 -16.00009918212891
v 31.99995040893555 7.99998712539673 -10.00010013580322
v 36.00004959106445 8.00001335144043 -14.00010013580322
v 32.00004959106445 8.00001335144043 -14.00010013580322
v 36 -3.99990510940552 -16.00009918212891
v 27.76600074768066 -8 -15.75
v 27.76600074768066 -4 -15.75
v 27.76600074768066 -4 -16.25
v 27.76600074768066 -8 -16.25
v 27.75 -4 -15.76599979400635
v 27.75 -8 -15.76599979400635
v 28.23399925231934 -4 -15.75
v 28.25 -8 -15.76599979400635
v 28.23399925231934 -8 -15.75
v 28.25 -4 -15.76599979400635
v 28.25 -4 -16.23399925231934
v 28.23399925231934 -8 -16.25
v 28.25 -8 -16.23399925231934
v 28.23399925231934 -4 -16.25
v 27.75 -8 -16.23399925231934
v 27.75 -4 -16.23399925231934
v 28 0.34223940968513 -5.73868703842163
v 28 0.01131337974221 -6.09223985671997
v 28 -0.34224009513855 -5.76131296157837
v 28 -0.01131409965456 -5.40776014328003
v 28 -0.34224009513855 -5.73868608474731
v 32 -0.01131409965456 -5.40776014328003
v 28 0.01131333038211 -5.40776014328003
v 28 0.34223940968513 -5.76131391525269
v 32 -0.01131404004991 -6.09223985671997
v 28 -0.01131404004991 -6.09223985671997
v 27.96998977661133 2.41076898574829 -14.61867046356201
v 27.96998977661133 2.42483997344971 -14.6130199432373
v 27.96998977661133 -0.00009999999747 -14.61867046356201
v 27.83670043945312 2.41076898574829 -14.61867046356201
v 27.83670043945312 -0.00009999999747 -14.61867046356201
v 27.79999923706055 2.44423890113831 -14.63726997375488
v 27.79999923706055 -0.00009999999747 -14.63726997375488
v 27.79999923706055 -0.00009999999747 -13.39326000213623
v 27.83670043945312 2.41076898574829 -13.41186046600342
v 27.83670043945312 -0.00009999999747 -13.41186046600342
v 27.96998977661133 2.41076898574829 -13.41186046600342
v 27.96998977661133 -0.00009999999747 -13.41186046600342
v 28 -0.00009999999747 -14.63726997375488
v 28 2.44423890113831 -14.63726997375488
v 27.99990081787109 3.9998950958252 -12
v 28 2.44423890113831 -13.39326000213623
v 28 -0.00009999999747 -13.39326000213623
v 27.83670043945312 2.43066906929016 -14.59937953948975
v 27.83670043945312 2.42483997344971 -14.6130199432373
v 27.83670043945312 2.43066906929016 -13.43113994598389
v 27.83670043945312 2.42483997344971 -13.41749954223633
v 27.96998977661133 2.43066906929016 -14.59937953948975
v 27.96998977661133 2.43066906929016 -13.43113994598389
v 27.96998977661133 2.42483997344971 -13.41749954223633
v 27.79999923706055 -0.00009999999747 -16.00009918212891
v 27.79999923706055 4.00010013580322 -16.00009918212891
v 27.79999923706055 2.44423890113831 -13.39326000213623
v 27.79999923706055 4.00010013580322 -11.99989986419678
v 27.79999923706055 -0.00009999999747 -11.99989986419678
v 27.99995040893555 7.99998712539673 -10.00010013580322
v 27.99995040893555 7.99998712539673 -14.00010013580322
v 27.76600074768066 4 -1.75
v 28.23399925231934 4 -1.75
v 28.25 8 -2.23399996757507
v 28.25 4 -1.76600003242493
v 28.25 8 -1.76600003242493
v 27.76600074768066 8 -2.25
v 27.75 4 -2.23399996757507
v 27.75 8 -2.23399996757507
v 27.75 4 -1.76600003242493
v 27.75 8 -1.76600003242493
v 27.76600074768066 8 -1.75
v 28.23399925231934 8 -1.75
v 28.23399925231934 4 -2.25
v 28.25 4 -2.23399996757507
v 28.23399925231934 8 -2.25
v 27.76600074768066 4 -2.25
v 36 -2.98868608474731 -1.65776002407074
v 36 -2.65775990486145 -1.98868596553802
v 36 -2.65775990486145 -2.01131391525269
v 36 -3.34224009513855 -2.01131391525269
v 36 -3.34224009513855 -1.98868596553802
v 32 -3.01131391525269 -1.65776002407074
v 36 -3.01131391525269 -1.65776002407074
v 36 -3.01131391525269 -2.34224009513855
v 36 -2.98868608474731 -2.34224009513855
v 32 -3.01131391525269 -2.34224009513855
v 32 -3.34224009513855 -2.01131391525269
v 32 -3.34224009513855 -1.98868596553802
v 32.01599884033203 -8 -4
v 32.01599884033203 -4 -4
v 32.48400115966797 -8 -4
v 32.5 -4 -4.48400020599365
v 32.5 -8 -4.01599979400635
v 32.5 -4 -4.01599979400635
v 32.5 -8 -4.48400020599365
v 32.01599884033203 -4 -4.5
v 32.48400115966797 -4 -4.5
v 32.01599884033203 -8 -4.5
v 32 -4 -4.01599979400635
v 32 -8 -4.48400020599365
v 32 -4 -4.48400020599365
v 32 -8 -4.01599979400635
v 32.48400115966797 -4 -4
v 32.48400115966797 -8 -4.5
v 36 -3.99990510940552 -8.00010108947754
v 36 -0.00010497759649 -8.00010108947754
v 36 -3.99990510940552 -11.99989986419678
v 33.25 3.98399996757507 -12.11380004882812
v 33.25 3.98399996757507 -16
v 33.23400115966797 3.5 -16
v 32.75 3.98399996757507 -16
v 32.75 3.51600003242493 -16
v 32.76599884033203 3.99585890769958 -12.00772953033447
v 33.23400115966797 3.50414109230042 -13.84284019470215
v 33.23400115966797 3.99585890769958 -12.00772953033447
v 33.23400115966797 4 -16
v 32.76599884033203 3.5 -16
v 32.76599884033203 3.5 -13.87430000305176
v 33.23400115966797 3.5 -13.87430000305176
v 32.76599884033203 3.50414109230042 -13.84284019470215
v 32.75 3.98399996757507 -12.11380004882812
v 32.76599884033203 4 -16
v 32.75 3.51600003242493 -13.86040019989014
v 33.25 3.51600003242493 -16
v 33.25 3.51600003242493 -13.86040019989014
v 36 -0.00010502600344 -16.00009918212891
v 36 4.00009489059448 -16.00009918212891
v 27.99990081787109 -0.00009989737737 -6.00002384185791
v 27.99995040893555 4 -1.99989998340607
v 33.73400115966797 3.99999809265137 -15.5
v 33.75 3.99999809265137 -15.98400020599365
v 33.75 0.11380469799042 -15.98400020599365
v 33.26599884033203 0.00772740598768 -15.99586009979248
v 33.25 0.11380469799042 -15.98400020599365
v 33.26599884033203 3.99999809265137 -16
v 33.25 3.99999809265137 -15.98400020599365
v 33.26599884033203 1.87429797649384 -15.5
v 33.25 1.8604040145874 -15.51599979400635
v 33.26599884033203 3.99999809265137 -15.5
v 33.26599884033203 1.8428430557251 -15.50413990020752
v 33.73400115966797 1.8428430557251 -15.50413990020752
v 33.75 3.99999809265137 -15.51599979400635
v 33.73400115966797 1.87429797649384 -15.5
v 33.73400115966797 0.00772740598768 -15.99586009979248
v 33.73400115966797 3.99999809265137 -16
v 33.75 1.8604040145874 -15.51599979400635
v 33.25 3.99999809265137 -15.51599979400635
v 36 -0.2660003900528 -11.75
v 32 -0.75000011920929 -11.76599979400635
v 36 -0.73400062322617 -12.25
v 36 -0.25000038743019 -11.76599979400635
v 36 -0.25000038743019 -12.23400020599365
v 32 -0.24999989569187 -11.76599979400635
v 36 -0.73400062322617 -11.75
v 36 -0.75000059604645 -11.76599979400635
v 36 -0.75000059604645 -12.23400020599365
v 32 -0.75000011920929 -12.23400020599365
v 36 -0.2660003900528 -12.25
v 32 -0.26599991321564 -12.25
v 36.00004959106445 -8 -16.00009918212891
v 31.99995040893555 7.99998712539673 -6.00010013580322
v 32 -8.0001049041748 -6.00010013580322
v 31.99990081787109 -3.99990510940552 -4
v 28 -4.0001049041748 -7.99989795684814
v 36.00004959106445 -8.00000095367432 -11.99989986419678
v 36 4.00009489059448 -12.00010013580322
v 32.00009918212891 8.00009536743164 -12
v 36.00009918212891 8.00009536743164 -12
v 32.00009918212891 3.9998950958252 -12
v 31.76600074768066 -8 -15.75
v 32.25 -4 -16.23399925231934
v 32.25 -8 -15.76599979400635
v 32.25 -8 -16.23399925231934
v 31.76600074768066 -4 -16.25
v 31.75 -4 -16.23399925231934
v 31.75 -4 -15.76599979400635
v 31.75 -8 -15.76599979400635
v 31.76600074768066 -4 -15.75
v 32.23400115966797 -4 -15.75
v 32.23400115966797 -8 -15.75
v 32.25 -4 -15.76599979400635
v 32.23400115966797 -8 -16.25
v 32.23400115966797 -4 -16.25
v 31.75 -8 -16.23399925231934
v 31.76600074768066 -8 -16.25
v 35.98400115966797 3.99999809265137 -15.5
v 35.51599884033203 3.99999809265137 -15.5
v 36 3.99999809265137 -15.98400020599365
v 36 3.99999809265137 -15.51599979400635
v 35.51599884033203 0.00772740598768 -15.99586009979248
v 35.51599884033203 1.8428430557251 -15.50413990020752
v 35.5 0.11380469799042 -15.98400020599365
v 35.51599884033203 3.99999809265137 -16
v 35.5 3.99999809265137 -15.98400020599365
v 35.51599884033203 1.87429797649384 -15.5
v 35.5 1.8604040145874 -15.51599979400635
v 35.98400115966797 1.87429797649384 -15.5
v 36 0.11380469799042 -15.98400020599365
v 35.98400115966797 0.00772740598768 -15.99586009979248
v 35.98400115966797 3.99999809265137 -16
v 35.98400115966797 1.8428430557251 -15.50413990020752
v 36 1.8604040145874 -15.51599979400635
v 35.5 3.99999809265137 -15.51599979400635
v 36 4.00009489059448 -8.00010108947754
v 36.00500106811523 0 -12
v 27.76600074768066 4 -5.5
v 27.76600074768066 8 -6
v 28.23399925231934 8 -6
v 27.76600074768066 4 -6
v 27.75 8 -5.51599979400635
v 27.75 4 -5.51599979400635
v 27.76600074768066 8 -5.5
v 28.23399925231934 8 -5.5
v 28.25 4 -5.51599979400635
v 28.23399925231934 4 -5.5
v 28.25 8 -5.51599979400635
v 28.25 8 -5.98400020599365
v 28.23399925231934 4 -6
v 28.25 4 -5.98400020599365
v 27.75 4 -5.98400020599365
v 27.75 8 -5.98400020599365
v 30.25 3.51600003242493 -16
v 30.25 3.98399996757507 -16
v 29.76600074768066 3.5 -16
v 29.76600074768066 3.5 -13.87430000305176
v 29.75 3.51600003242493 -16
v 30.23399925231934 3.99585890769958 -12.00772953033447
v 30.23399925231934 3.50414109230042 -13.84284019470215
v 30.23399925231934 4 -16
v 30.23399925231934 3.5 -13.87430000305176
v 30.23399925231934 3.5 -16
v 30.25 3.51600003242493 -13.86040019989014
v 29.76600074768066 3.50414109230042 -13.84284019470215
v 29.76600074768066 3.99585890769958 -12.00772953033447
v 29.75 3.98399996757507 -16
v 29.76600074768066 4 -16
v 29.75 3.98399996757507 -12.11380004882812
v 29.75 3.51600003242493 -13.86040019989014
v 30.25 3.98399996757507 -12.11380004882812
v 36.00009918212891 5.45012617111206 -11.95823955535889
v 36.00009918212891 5.24184989929199 -11.98851013183594
v 36.00009918212891 5.63063287734985 -11.91458988189697
v 36.00009918212891 5.83165311813354 -11.84582996368408
v 32.00009918212891 5.83165311813354 -11.84582996368408
v 36.00009918212891 5.98863220214844 -11.77737998962402
v 32.00009918212891 5.98863220214844 -11.77737998962402
v 36.00009918212891 4.99989986419678 -11.99985027313232
v 36.00009918212891 6.14795017242432 -11.69536972045898
v 32.00009918212891 6.14795017242432 -11.69536972045898
v 36.00009918212891 6.38926410675049 -11.54722023010254
v 36.00009918212891 6.59123277664185 -11.39533042907715
v 36.00009918212891 6.78079414367676 -11.22332954406738
v 32.00009918212891 6.78079414367676 -11.22332954406738
v 36.00009918212891 6.94412279129028 -11.04837989807129
v 32.00009918212891 6.94412279129028 -11.04837989807129
v 36.00009918212891 7.12122106552124 -10.82828044891357
v 32.00009918212891 7.12122106552124 -10.82828044891357
v 36.00009918212891 7.33175182342529 -10.52031993865967
v 32.00009918212891 7.33175182342529 -10.52031993865967
v 36.00009918212891 7.49686813354492 -10.22441005706787
v 32.00009918212891 7.49686813354492 -10.22441005706787
v 36.00009918212891 7.63871908187866 -9.90777778625488
v 32.00009918212891 7.63871908187866 -9.90777778625488
v 36.00009918212891 7.77153921127319 -9.53058624267578
v 36.00009918212891 7.89090204238892 -9.07908153533936
v 36.00009918212891 7.96163511276245 -8.66072654724121
v 36.00009918212891 7.9895920753479 -8.35380554199219
v 36.00009918212891 7.99989986419678 -7.99997615814209
v 32.00009918212891 7.99989986419678 -7.99997615814209
v 32.00009918212891 5.45012617111206 -11.95823955535889
v 28.00009918212891 5.24184989929199 -11.98851013183594
v 28.00009918212891 5.45012617111206 -11.95823955535889
v 32.00009918212891 5.24184989929199 -11.98851013183594
v 28.00009918212891 4.99989986419678 -11.99985027313232
v 32.00009918212891 5.63063287734985 -11.91458988189697
v 28.00009918212891 5.63063287734985 -11.91458988189697
v 28.00009918212891 5.83165311813354 -11.84582996368408
v 28.00009918212891 5.98863220214844 -11.77737998962402
v 32.00009918212891 4.99989986419678 -11.99985027313232
v 28.00009918212891 6.14795112609863 -11.69536972045898
v 32.00009918212891 6.38926410675049 -11.54722023010254
v 28.00009918212891 6.38926410675049 -11.54722023010254
v 32.00009918212891 6.59123277664185 -11.39533042907715
v 28.00009918212891 6.59123277664185 -11.39533042907715
v 28.00009918212891 6.78079414367676 -11.22332954406738
v 28.00009918212891 6.94412279129028 -11.04837989807129
v 28.00009918212891 7.12122106552124 -10.82828044891357
v 28.00009918212891 7.33175182342529 -10.52031993865967
v 28.00009918212891 7.49686813354492 -10.22441005706787
v 28.00009918212891 7.63871908187866 -9.90777683258057
v 32.00009918212891 7.77153921127319 -9.53058624267578
v 28.00009918212891 7.77153921127319 -9.53058624267578
v 32.00009918212891 7.89090204238892 -9.07908153533936
v 28.00009918212891 7.89090204238892 -9.07908153533936
v 32.00009918212891 7.96163511276245 -8.66072654724121
v 28.00009918212891 7.96163511276245 -8.66072654724121
v 32.00009918212891 7.9895920753479 -8.35380554199219
v 28.00009918212891 7.9895920753479 -8.35380554199219
v 28 -8.0001049041748 -8.00010013580322
v 28 -3.99990510940552 -3.99989795684814
v 28 -8.0001049041748 -3.99989795684814
v 36 -0.00010498890333 -5.99989986419678
v 27.76600074768066 -4 -5.5
v 27.76600074768066 0 -5.5
v 28.25 -4 -5.98400020599365
v 28.23399925231934 -4 -6
v 28.23399925231934 0 -6
v 27.75 0 -5.51599979400635
v 27.75 -4 -5.51599979400635
v 28.23399925231934 0 -5.5
v 28.25 -4 -5.51599979400635
v 28.23399925231934 -4 -5.5
v 28.25 0 -5.51599979400635
v 28.25 0 -5.98400020599365
v 27.76600074768066 0 -6
v 27.75 -4 -5.98400020599365
v 27.76600074768066 -4 -6
v 27.75 0 -5.98400020599365
v 36 0.00009489058721 -4.00010108947754
v 31.25 3.51600003242493 -16
v 30.76600074768066 3.5 -16
v 31.23399925231934 3.5 -16
v 30.76600074768066 3.5 -13.87430000305176
v 30.75 3.98399996757507 -16
v 30.75 3.51600003242493 -16
v 30.76600074768066 3.99585890769958 -12.00772953033447
v 30.76600074768066 3.50414109230042 -13.84284019470215
v 31.23399925231934 4 -16
v 31.25 3.98399996757507 -16
v 31.23399925231934 3.99585890769958 -12.00772953033447
v 31.23399925231934 3.50414109230042 -13.84284019470215
v 31.23399925231934 3.5 -13.87430000305176
v 30.76600074768066 4 -16
v 30.75 3.98399996757507 -12.11380004882812
v 30.75 3.51600003242493 -13.86040019989014
v 31.25 3.98399996757507 -12.11380004882812
v 31.25 3.51600003242493 -13.86040019989014
v 32.00004959106445 4 -6.00010013580322
v 31.9950008392334 -0.20394420623779 -11.82450008392334
v 31.9950008392334 -0.21974520385265 -11.80751037597656
v 36.00500106811523 -0.42002961039543 -11.80004978179932
v 36.00500106811523 -0.4296934902668 -11.47937965393066
v 36.00500106811523 -0.44600561261177 -11.46240043640137
v 36.00500106811523 -0.88506650924683 -10.8080997467041
v 31.9950008392334 -0.86926561594009 -10.8250904083252
v 36.00500106811523 -0.86926561594009 -10.8250904083252
v 31.9950008392334 -0.86926561594009 -11.11804962158203
v 36.00500106811523 -0.86926561594009 -11.11804962158203
v 31.9950008392334 -0.85346442461014 -11.13504028320312
v 36.00500106811523 -0.85346442461014 -11.13504028320312
v 36.00500106811523 -1.08879601955414 -10.79090023040771
v 31.9950008392334 -1.07299494743347 -10.80788993835449
v 31.9950008392334 -1.08879601955414 -10.79090023040771
v 36.00500106811523 -1.07299494743347 -10.80788993835449
v 31.9950008392334 -0.88506650924683 -10.8080997467041
v 36.00500106811523 -0.66553592681885 -11.13525009155273
v 31.9950008392334 -0.64973497390747 -11.15223979949951
v 36.00500106811523 -0.64973497390747 -11.44519996643066
v 31.9950008392334 -0.63393402099609 -11.46218967437744
v 36.00500106811523 -0.63393402099609 -11.46218967437744
v 36.00500106811523 -0.21974520385265 -11.80751037597656
v 31.9950008392334 -0.66553592681885 -11.13525009155273
v 36.00500106811523 -1.75756204128265 -9.7817497253418
v 36.00500106811523 -1.97760403156281 -9.4546070098877
v 31.9950008392334 -1.97760403156281 -9.45460796356201
v 36.00500106811523 -2.42684006690979 -8.47964572906494
v 36.00500106811523 -2.64636993408203 -8.44545745849609
v 31.9950008392334 -2.64636993408203 -8.44545745849609
v 36.00500106811523 -1.09845995903015 -10.47023010253906
v 36.00500106811523 -1.31850099563599 -10.43605041503906
v 36.00500106811523 -1.31850099563599 -10.14309024810791
v 36.00500106811523 -1.53803205490112 -10.10890007019043
v 36.00500106811523 -1.53803205490112 -9.81593799591064
v 36.00500106811523 -1.5538330078125 -9.79895114898682
v 36.00500106811523 -1.77336299419403 -9.47179985046387
v 31.9950008392334 -2.00358009338379 -9.1169605255127
v 31.9950008392334 -2.19150805473328 -9.11674690246582
v 31.9950008392334 -1.98726797103882 -9.13393878936768
v 31.9950008392334 -2.20730900764465 -8.80679702758789
v 36.00500106811523 -2.20730900764465 -8.80679607391357
v 31.9950008392334 -2.63056898117065 -8.46244430541992
v 36.00500106811523 -1.11477196216583 -10.45324993133545
v 36.00500106811523 -1.74176096916199 -9.79873657226562
v 31.9950008392334 -1.74176096916199 -9.79873657226562
v 36.00500106811523 -3.31513595581055 -7.43630599975586
v 31.9950008392334 -3.51886606216431 -7.12614297866821
v 36.00500106811523 -3.51886606216431 -7.12614297866821
v 31.9950008392334 -3.33093690872192 -7.12635803222656
v 36.00500106811523 -3.33093690872192 -7.12635707855225
v 31.9950008392334 -3.98441410064697 -6.13420295715332
v 31.9950008392334 -4.00021505355835 -6.11721611022949
v 36.00500106811523 -3.09560608863831 -7.47049522399902
v 36.00500106811523 -3.09560608863831 -7.76345682144165
v 36.00500106811523 -3.11140704154968 -7.45350790023804
v 36.00500106811523 -2.6723461151123 -8.10781002044678
v 36.00500106811523 -2.65603399276733 -8.12478828430176
v 31.9950008392334 -2.6723461151123 -8.10781097412109
v 31.9950008392334 -2.89187693595886 -7.7806601524353
v 36.00500106811523 -2.87607598304749 -7.79764604568481
v 31.9950008392334 -2.87607598304749 -8.09060859680176
v 36.00500106811523 -2.87607598304749 -8.09060859680176
v 31.9950008392334 -3.56115388870239 -6.77151823043823
v 36.00500106811523 -3.74908208847046 -6.77130317687988
v 31.9950008392334 -3.74908208847046 -6.77130317687988
v 36.00500106811523 -3.56115388870239 -6.77151823043823
v 31.9950008392334 -3.78068399429321 -6.44436693191528
v 36.00500106811523 -3.96861290931702 -6.44415187835693
v 36.00500106811523 -3.78068399429321 -6.44436597824097
v 31.9950008392334 -3.96861290931702 -6.44415187835693
v 31.9950008392334 -3.76488304138184 -6.46135377883911
v 36.00500106811523 -3.07980489730835 -7.78044414520264
v 36.00500106811523 -2.89187693595886 -7.78065919876099
v 31.9950008392334 -3.07980489730835 -7.78044509887695
v 31.9950008392334 -3.11140704154968 -7.45350885391235
v 36.00500106811523 -3.29933500289917 -7.45329284667969
v 31.9950008392334 -0.01580118946731 -11.70748996734619
v 36.00500106811523 -0.01580118946731 -11.70748996734619
v 32.00004959106445 -0.00000055157221 -11.99989986419678
v 31.9950008392334 -0.21608519554138 -11.70003986358643
v 36.00500106811523 -0.21608519554138 -11.70003986358643
v 31.9950008392334 -0.19977329671383 -11.71700954437256
v 36.00500106811523 -0.22574929893017 -11.37936973571777
v 36.00500106811523 -0.66532111167908 -10.72506999969482
v 36.00500106811523 -0.68112230300903 -10.70808982849121
v 31.9950008392334 -0.86905068159103 -10.70786952972412
v 36.00500106811523 -0.86905068159103 -10.70786952972412
v 36.00500106811523 -0.66532111167908 -11.01803970336914
v 36.00500106811523 -0.4299898147583 -11.36217021942139
v 31.9950008392334 -0.4299898147583 -11.36217021942139
v 31.9950008392334 -0.64952039718628 -11.03501987457275
v 31.9950008392334 -0.46159198880196 -11.03524017333984
v 36.00500106811523 -1.55361795425415 -9.68173503875732
v 36.00500106811523 -1.7573469877243 -9.3715705871582
v 36.00500106811523 -1.77365899085999 -9.35459327697754
v 36.00500106811523 -1.7833240032196 -9.0339241027832
v 31.9950008392334 -2.23869705200195 -8.36264419555664
v 31.9950008392334 -2.42662501335144 -8.36242961883545
v 31.9950008392334 -2.22289490699768 -8.37963104248047
v 36.00500106811523 -2.44242596626282 -8.3454418182373
v 31.9950008392334 -0.91082757711411 -10.35324001312256
v 36.00500106811523 -0.89451551437378 -10.37022018432617
v 31.9950008392334 -0.89451551437378 -10.37022018432617
v 31.9950008392334 -0.88485169410706 -10.69089031219482
v 31.9950008392334 -1.11455702781677 -10.33603954315186
v 31.9950008392334 -1.11455702781677 -10.04308032989502
v 31.9950008392334 -1.09875595569611 -10.35301971435547
v 31.9950008392334 -1.13035798072815 -10.02608966827393
v 31.9950008392334 -1.33408796787262 -10.00889015197754
v 31.9950008392334 -1.33408796787262 -9.71592426300049
v 31.9950008392334 -1.31828594207764 -10.02587032318115
v 31.9950008392334 -1.34988903999329 -9.69893741607666
v 36.00500106811523 -1.56941902637482 -9.37178611755371
v 31.9950008392334 -1.56941902637482 -9.37178611755371
v 36.00500106811523 -1.79963505268097 -9.01694583892822
v 36.00500106811523 -1.98756396770477 -9.01673126220703
v 36.00500106811523 -2.2070939540863 -8.68957996368408
v 31.9950008392334 -2.00336503982544 -8.70678234100342
v 31.9950008392334 -2.00336503982544 -8.99974536895752
v 36.00500106811523 -2.00336503982544 -8.70678234100342
v 36.00500106811523 -2.01916599273682 -8.68979454040527
v 36.00500106811523 -0.91082757711411 -10.35324001312256
v 36.00500106811523 -1.09875595569611 -10.35301971435547
v 31.9950008392334 -1.53781700134277 -9.69872283935547
v 36.00500106811523 -1.53781700134277 -9.69872188568115
v 36.00500106811523 -3.11119198799133 -7.04333019256592
v 36.00500106811523 -3.12699294090271 -7.02634286880493
v 36.00500106811523 -3.31492209434509 -7.02612781524658
v 36.00500106811523 -3.33123397827148 -7.00915002822876
v 31.9950008392334 -3.79627108573914 -6.01720190048218
v 36.00500106811523 -3.78046989440918 -6.03418779373169
v 36.00500106811523 -3.79627108573914 -6.01720094680786
v 31.9950008392334 -3.98419904708862 -6.01698684692383
v 31.9950008392334 -2.67213106155396 -7.99059391021729
v 36.00500106811523 -2.67213106155396 -7.99059391021729
v 31.9950008392334 -2.65633010864258 -8.00758171081543
v 36.00500106811523 -2.67213106155396 -7.69763088226318
v 36.00500106811523 -2.68793201446533 -7.68064498901367
v 36.00500106811523 -2.89166188240051 -7.66344308853149
v 36.00500106811523 -2.89166188240051 -7.37048101425171
v 31.9950008392334 -3.11119198799133 -7.33629179000854
v 36.00500106811523 -3.11119198799133 -7.33629179000854
v 31.9950008392334 -3.11119198799133 -7.04333019256592
v 36.00500106811523 -3.35720992088318 -6.6715030670166
v 31.9950008392334 -3.54513788223267 -6.67128801345825
v 36.00500106811523 -3.54513788223267 -6.67128801345825
v 31.9950008392334 -3.35720992088318 -6.67150402069092
v 36.00500106811523 -3.576740026474 -6.34435176849365
v 36.00500106811523 -3.76466798782349 -6.34413719177246
v 36.00500106811523 -3.56093907356262 -6.36133909225464
v 31.9950008392334 -3.576740026474 -6.34435319900513
v 36.00500106811523 -3.78046989440918 -6.32714986801147
v 31.9950008392334 -3.78046989440918 -6.32715082168579
v 36.00500106811523 -2.90746307373047 -7.35349416732788
v 31.9950008392334 -2.90746307373047 -7.35349416732788
v 36.00500106811523 -3.09539103507996 -7.35327911376953
v 31.9950008392334 -2.42684006690979 -8.47964572906494
v 31.9950008392334 -2.44242596626282 -8.34544277191162
v 31.9950008392334 -2.44264101982117 -8.46265888214111
v 31.9950008392334 -2.42684006690979 -8.77260780334473
v 31.9950008392334 -2.22289490699768 -8.67259407043457
v 31.9950008392334 -2.45209002494812 -8.0247745513916
v 31.9950008392334 -2.65603399276733 -8.12478828430176
v 31.9950008392334 -2.46840190887451 -8.00779628753662
v 31.9950008392334 -2.86027407646179 -8.10759544372559
v 31.9950008392334 -2.67213106155396 -7.6976318359375
v 31.9950008392334 -2.87607598304749 -7.79764699935913
v 31.9950008392334 -2.87586092948914 -7.68042993545532
v 31.9950008392334 -2.68793201446533 -7.68064498901367
v 31.9950008392334 -2.89166188240051 -7.66344404220581
v 31.9950008392334 -3.09560608863831 -7.76345777511597
v 31.9950008392334 -2.89166188240051 -7.37048101425171
v 31.9950008392334 -3.09560608863831 -7.47049617767334
v 31.9950008392334 -3.09539103507996 -7.35327911376953
v 31.9950008392334 -3.31513595581055 -7.43630695343018
v 31.9950008392334 -3.29933500289917 -7.453293800354
v 31.9950008392334 -3.31513595581055 -7.14334487915039
v 31.9950008392334 -3.31492209434509 -7.02612781524658
v 31.9950008392334 -3.12699294090271 -7.02634286880493
v 31.9950008392334 -3.33123397827148 -7.00915098190308
v 31.9950008392334 -3.5351779460907 -7.10916519165039
v 31.9950008392334 -3.34089803695679 -6.68848085403442
v 31.9950008392334 -3.544842004776 -6.78849601745605
v 31.9950008392334 -3.56093907356262 -6.65430212020874
v 31.9950008392334 -3.76488304138184 -6.7543158531189
v 31.9950008392334 -3.56093907356262 -6.36134004592896
v 31.9950008392334 -3.76466798782349 -6.34413814544678
v 31.9950008392334 -3.98441410064697 -6.42716598510742
v 31.9950008392334 -3.78046989440918 -6.03418922424316
v 32.00004959106445 -4 -6.00010013580322
v 31.9950008392334 -2.2070939540863 -8.6895809173584
v 31.9950008392334 -2.22310996055603 -8.78981018066406
v 31.9950008392334 -2.41103792190552 -8.78959560394287
v 31.9950008392334 -2.01916599273682 -8.68979454040527
v 31.9950008392334 -2.20730900764465 -9.09975910186768
v 31.9950008392334 -1.98756396770477 -9.01673126220703
v 31.9950008392334 -1.7833240032196 -9.03392505645752
v 31.9950008392334 -1.79963505268097 -9.01694679260254
v 31.9950008392334 -1.77365899085999 -9.35459327697754
v 31.9950008392334 -1.77336299419403 -9.47180080413818
v 31.9950008392334 -1.96129202842712 -9.47158622741699
v 31.9950008392334 -1.75756204128265 -9.48878765106201
v 31.9950008392334 -1.7573469877243 -9.37157154083252
v 31.9950008392334 -1.55361795425415 -9.38877296447754
v 31.9950008392334 -1.75756204128265 -9.7817497253418
v 31.9950008392334 -1.55361795425415 -9.68173599243164
v 31.9950008392334 -1.5538330078125 -9.79895210266113
v 31.9950008392334 -1.53803205490112 -9.81593894958496
v 31.9950008392334 -1.53803205490112 -10.10890007019043
v 31.9950008392334 -1.33430194854736 -10.12609958648682
v 31.9950008392334 -1.52223098278046 -10.12588977813721
v 31.9950008392334 -1.31850099563599 -10.14309024810791
v 31.9950008392334 -1.31850099563599 -10.43605041503906
v 31.9950008392334 -1.11477196216583 -10.45324993133545
v 31.9950008392334 -1.30270004272461 -10.45304012298584
v 31.9950008392334 -1.09845995903015 -10.47023010253906
v 31.9950008392334 -0.66532111167908 -10.72506999969482
v 31.9950008392334 -0.68112230300903 -10.70808982849121
v 31.9950008392334 -0.66532111167908 -11.01803970336914
v 31.9950008392334 -0.445790797472 -11.05222988128662
v 31.9950008392334 -0.64973497390747 -11.44519996643066
v 31.9950008392334 -0.445790797472 -11.34519004821777
v 31.9950008392334 -0.44600561261177 -11.46240043640137
v 31.9950008392334 -0.4296934902668 -11.47937965393066
v 31.9950008392334 -0.22574929893017 -11.37936973571777
v 31.9950008392334 -0.24206109344959 -11.36238956451416
v 31.9950008392334 -0.42002961039543 -11.80004978179932
v 31.9950008392334 -0.40371748805046 -11.81702995300293
v 31.9950008392334 0 -11.72447967529297
v 31.9950008392334 -0.20394420623779 -12
v 36.00500106811523 -2.00336503982544 -8.9997444152832
v 36.00500106811523 -1.98726797103882 -9.13393878936768
v 36.00500106811523 -2.00358009338379 -9.1169605255127
v 36.00500106811523 -2.20730900764465 -9.09975910186768
v 36.00500106811523 -2.19150805473328 -9.1167459487915
v 36.00500106811523 -2.22289490699768 -8.67259407043457
v 36.00500106811523 -2.22310996055603 -8.78981018066406
v 36.00500106811523 -2.42684006690979 -8.77260780334473
v 36.00500106811523 -2.41103792190552 -8.78959465026855
v 36.00500106811523 -2.22289490699768 -8.37963104248047
v 36.00500106811523 -2.42662501335144 -8.36242866516113
v 36.00500106811523 -2.23869705200195 -8.36264419555664
v 36.00500106811523 -2.44264101982117 -8.46265888214111
v 36.00500106811523 -2.63056898117065 -8.46244430541992
v 36.00500106811523 -2.45209002494812 -8.02477359771729
v 36.00500106811523 -2.65633010864258 -8.00758075714111
v 36.00500106811523 -2.46840190887451 -8.0077953338623
v 36.00500106811523 -2.86027407646179 -8.10759544372559
v 36.00500106811523 -2.87586092948914 -7.68042993545532
v 36.00500106811523 -3.31513595581055 -7.14334392547607
v 36.00500106811523 -3.5351779460907 -7.10916423797607
v 36.00500106811523 -3.34089803695679 -6.68848085403442
v 36.00500106811523 -3.544842004776 -6.78849601745605
v 36.00500106811523 -3.56093907356262 -6.65430212020874
v 36.00500106811523 -3.76488304138184 -6.7543158531189
v 36.00500106811523 -3.76488304138184 -6.46135282516479
v 36.00500106811523 -3.98441410064697 -6.42716503143311
v 36.00500106811523 -3.98441410064697 -6.134202003479
v 36.00500106811523 -3.98419904708862 -6.01698589324951
v 36.00500106811523 -4.00021505355835 -6.11721611022949
v 36.00500106811523 -1.96129202842712 -9.47158527374268
v 36.00500106811523 -1.75756204128265 -9.4887866973877
v 36.00500106811523 -1.55361795425415 -9.38877296447754
v 36.00500106811523 -1.33408796787262 -9.71592330932617
v 36.00500106811523 -1.34988903999329 -9.69893646240234
v 36.00500106811523 -1.33408796787262 -10.00889015197754
v 36.00500106811523 -1.33430194854736 -10.12609958648682
v 36.00500106811523 -1.52223098278046 -10.12588977813721
v 36.00500106811523 -1.11455702781677 -10.04306983947754
v 36.00500106811523 -1.11455702781677 -10.33603954315186
v 36.00500106811523 -1.30270004272461 -10.45304012298584
v 36.00500106811523 -0.88485169410706 -10.69089031219482
v 36.00500106811523 -0.64973497390747 -11.15223979949951
v 36.00500106811523 -0.64952039718628 -11.03501987457275
v 36.00500106811523 -0.445790797472 -11.05222988128662
v 36.00500106811523 -0.46159198880196 -11.03524017333984
v 36.00500106811523 -0.445790797472 -11.34519004821777
v 36.00500106811523 -0.24206109344959 -11.36238956451416
v 36.00500106811523 -0.20394420623779 -11.82450008392334
v 36.00500106811523 -0.40371748805046 -11.81702995300293
v 36.00500106811523 -0.19977329671383 -11.71700954437256
v 36.00500106811523 0 -11.72447967529297
v 36.00500106811523 -0.20394420623779 -12
v 36.00500106811523 -1.31828594207764 -10.02587032318115
v 36.00500106811523 -1.13035798072815 -10.02608966827393
v 32.00004959106445 -4 -1.99989998340607
v 32.00009918212891 0.00009489058721 -1.9999760389328
v 28 -4.0001049041748 -12.00010013580322
v 28 0.00009489058721 -7.99989795684814
v 28 3.9998950958252 -3.99989795684814
v 28 3.9998950958252 -8.00010013580322
v 28 -0.00010490680143 -3.99989795684814
v 36 -8 -4.01599979400635
v 36 -8 -4.48400020599365
v 35.51599884033203 -4 -4.5
v 35.51599884033203 -8 -4.5
v 35.5 -4 -4.01599979400635
v 35.51599884033203 -8 -4
v 35.5 -8 -4.01599979400635
v 35.51599884033203 -4 -4
v 35.98400115966797 -4 -4
v 35.98400115966797 -8 -4
v 36 -4 -4.01599979400635
v 36 -4 -4.48400020599365
v 35.98400115966797 -8 -4.5
v 35.98400115966797 -4 -4.5
v 35.5 -8 -4.48400020599365
v 35.5 -4 -4.48400020599365
v 31.76600074768066 4 -1.75
v 31.76600074768066 8 -1.75
v 31.75 8 -1.76600003242493
v 31.75 4 -2.23399996757507
v 31.75 8 -2.23399996757507
v 31.75 4 -1.76600003242493
v 32.23400115966797 8 -1.75
v 32.25 4 -1.76600003242493
v 32.23400115966797 4 -1.75
v 32.25 8 -1.76600003242493
v 32.25 8 -2.23399996757507
v 32.23400115966797 4 -2.25
v 32.25 4 -2.23399996757507
v 32.23400115966797 8 -2.25
v 31.76600074768066 8 -2.25
v 31.76600074768066 4 -2.25
v 36 8.00009536743164 -10.00010013580322
v 27.99995040893555 -8 -16.00009918212891
v 34.25 3.98399996757507 -12.11380004882812
v 34.25 3.98399996757507 -16
v 33.76599884033203 3.5 -16
v 33.76599884033203 3.5 -13.87430000305176
v 33.75 3.51600003242493 -13.86040019989014
v 33.75 3.51600003242493 -16
v 33.76599884033203 3.50414109230042 -13.84284019470215
v 34.23400115966797 4 -16
v 34.25 3.51600003242493 -16
v 34.23400115966797 3.5 -16
v 34.23400115966797 3.50414109230042 -13.84284019470215
v 34.23400115966797 3.5 -13.87430000305176
v 33.76599884033203 3.99585890769958 -12.00772953033447
v 33.75 3.98399996757507 -16
v 33.75 3.98399996757507 -12.11380004882812
v 33.76599884033203 4 -16
v 34.25 3.51600003242493 -13.86040019989014
v 34.23400115966797 3.99585890769958 -12.00772953033447
v 27.99990081787109 -0.00010496639879 -16
v 36 -3.76600003242493 -15.25
v 36 -4.25 -15.73400020599365
v 36 -4.25 -15.26599979400635
v 36 -3.76600003242493 -15.75
v 36 -3.75 -15.26599979400635
v 36 -3.75 -15.73400020599365
v 36 -4.23400115966797 -15.25
v 32 -4.23400020599365 -15.75
v 36 -4.23400115966797 -15.75
v 32.00009918212891 -4.01580095291138 -6.29250621795654
v 32.00009918212891 -4 -6.27551889419556
v 32.00009918212891 -4.22574901580811 -6.62063217163086
v 27.99990081787109 -4.22574901580811 -6.62063217163086
v 32.00009918212891 -4.88485097885132 -7.3091139793396
v 27.99990081787109 -4.88485097885132 -7.3091139793396
v 32.00009918212891 -4.86905097961426 -7.29212713241577
v 27.99990081787109 -4.68112182617188 -7.29191207885742
v 27.99990081787109 -4.86905097961426 -7.29212713241577
v 32.00009918212891 -4.46159219741821 -6.96476078033447
v 27.99990081787109 -4.44579076766968 -6.94777393341064
v 32.00009918212891 -4.44579076766968 -6.65481185913086
v 32.00009918212891 -4.4299898147583 -6.63782501220703
v 27.99990081787109 -4.01580095291138 -6.29250621795654
v 27.99990081787109 -4.19977283477783 -6.2829852104187
v 27.99990081787109 -4.46159219741821 -6.96476078033447
v 27.99990081787109 -4.64951992034912 -6.96497583389282
v 27.99990081787109 -5.53781700134277 -8.30127716064453
v 27.99990081787109 -5.75734710693359 -8.62842845916748
v 27.99990081787109 -6.22289609909058 -9.62036800384521
v 27.99990081787109 -6.23869705200195 -9.63735485076904
v 32.00009918212891 -6.22289609909058 -9.62036895751953
v 27.99990081787109 -6.22289609909058 -9.32740592956543
v 32.00009918212891 -6.22289609909058 -9.32740592956543
v 27.99990081787109 -6.20709419250488 -9.3104190826416
v 32.00009918212891 -6.20709419250488 -9.3104190826416
v 32.00009918212891 -6.4424262046814 -9.65455722808838
v 27.99990081787109 -6.4424262046814 -9.65455627441406
v 32.00009918212891 -4.91082811355591 -7.64676094055176
v 32.00009918212891 -4.89451599121094 -7.62978315353394
v 27.99990081787109 -5.09875583648682 -7.64697599411011
v 27.99990081787109 -5.11455678939819 -7.66396188735962
v 32.00009918212891 -5.11455678939819 -7.95692491531372
v 32.00009918212891 -5.09875583648682 -7.64697599411011
v 27.99990081787109 -5.11455678939819 -7.9569239616394
v 32.00009918212891 -5.33408689498901 -7.99111413955688
v 27.99990081787109 -5.33408689498901 -7.99111318588257
v 32.00009918212891 -5.78332281112671 -8.96607494354248
v 27.99990081787109 -5.78332281112671 -8.96607494354248
v 32.00009918212891 -5.77366018295288 -8.64540672302246
v 32.00009918212891 -5.79963493347168 -8.98305320739746
v 32.00009918212891 -5.98756408691406 -8.98326873779297
v 27.99990081787109 -5.79963493347168 -8.98305320739746
v 27.99990081787109 -5.98756408691406 -8.98326778411865
v 27.99990081787109 -6.00336503982544 -9.00025463104248
v 27.99990081787109 -6.01916599273682 -9.31020355224609
v 32.00009918212891 -6.01916599273682 -9.31020545959473
v 27.99990081787109 -6.00336503982544 -9.29321670532227
v 32.00009918212891 -6.00336503982544 -9.29321765899658
v 32.00009918212891 -6.00336503982544 -9.0002555847168
v 32.00009918212891 -6.42662477493286 -9.63757038116455
v 32.00009918212891 -6.23869705200195 -9.63735580444336
v 27.99990081787109 -6.42662477493286 -9.63756942749023
v 32.00009918212891 -5.53781700134277 -8.30127716064453
v 27.99990081787109 -7.11119222640991 -10.95666980743408
v 27.99990081787109 -7.11119222640991 -10.66370964050293
v 32.00009918212891 -7.11119222640991 -10.66370964050293
v 32.00009918212891 -7.09539079666138 -10.64671993255615
v 32.00009918212891 -7.33123397827148 -10.9908504486084
v 27.99990081787109 -7.3149209022522 -10.97387027740479
v 32.00009918212891 -7.3149209022522 -10.97387027740479
v 27.99990081787109 -7.34089803695679 -11.31151962280273
v 32.00009918212891 -7.78046894073486 -11.96580982208252
v 27.99990081787109 -7.78046894073486 -11.67284965515137
v 32.00009918212891 -7.78046894073486 -11.67284965515137
v 27.99990081787109 -7.76466798782349 -11.65585994720459
v 27.99990081787109 -7.98419904708862 -11.98301029205322
v 27.99995040893555 -8.00000095367432 -11.99989986419678
v 32.00009918212891 -7.98419904708862 -11.98301029205322
v 27.99990081787109 -7.79626989364624 -11.9827995300293
v 32.00009918212891 -7.79626989364624 -11.9827995300293
v 32.00009918212891 -6.45208978652954 -9.9752254486084
v 27.99990081787109 -6.87586116790771 -10.31956958770752
v 27.99990081787109 -6.90746307373047 -10.64651012420654
v 32.00009918212891 -7.54513788223267 -11.32870960235596
v 27.99990081787109 -7.35721015930176 -11.32849979400635
v 32.00009918212891 -7.35721015930176 -11.32849979400635
v 32.00009918212891 -7.34089803695679 -11.31151962280273
v 27.99990081787109 -7.56093883514404 -11.34570026397705
v 27.99990081787109 -7.57673978805542 -11.65565013885498
v 32.00009918212891 -7.76466798782349 -11.65585994720459
v 32.00009918212891 -7.57673978805542 -11.65565013885498
v 27.99990081787109 -7.56093883514404 -11.6386604309082
v 32.00009918212891 -7.56093883514404 -11.6386604309082
v 32.00009918212891 -7.56093883514404 -11.34570026397705
v 32.00009918212891 -6.65633010864258 -9.99241828918457
v 27.99990081787109 -6.65633010864258 -9.99241828918457
v 27.99990081787109 -7.09539079666138 -10.64671993255615
v 27.99990081787109 -5.31828594207764 -7.97412586212158
v 32.00009918212891 -5.31828594207764 -7.9741268157959
v 27.99990081787109 -5.13035821914673 -7.97391080856323
v 32.00009918212891 -6.87586116790771 -10.31956958770752
v 35.76599884033203 -4 -15.75
v 36.23400115966797 -8 -15.75
v 36.25 -8 -15.76599979400635
v 36.25 -4 -15.76599979400635
v 36.25 -8 -16.23399925231934
v 35.76599884033203 -4 -16.25
v 35.75 -4 -15.76599979400635
v 35.75 -4 -16.23399925231934
v 35.76599884033203 -8 -15.75
v 35.75 -8 -15.76599979400635
v 36.23400115966797 -4 -15.75
v 36.25 -4 -16.23399925231934
v 36.23400115966797 -8 -16.25
v 36.23400115966797 -4 -16.25
v 35.75 -8 -16.23399925231934
v 35.76599884033203 -8 -16.25
v 36 4.98400020599365 -11.75
v 32 4.51599979400635 -11.75
v 36 4.5 -12.23400020599365
v 32 4.98400115966797 -12.25
v 36 5 -11.76599979400635
v 32 5 -12.23400020599365
v 36 5 -12.23400020599365
v 32 5 -11.76599979400635
v 36 4.51599979400635 -11.75
v 36 4.5 -11.76599979400635
v 32 4.51599979400635 -12.25
v 36 4.51599979400635 -12.25
v 36 4.98400020599365 -12.25
v 35.99990081787109 -2.75815010070801 -2.0114860534668
v 35.99990081787109 -2.54987406730652 -2.04176092147827
v 31.99990081787109 -2.75815010070801 -2.0114860534668
v 35.99990081787109 -3.00009989738464 -2.00014805793762
v 31.99990081787109 -2.36936688423157 -2.08540797233582
v 35.99990081787109 -2.36936688423157 -2.08540797233582
v 31.99990081787109 -2.16834688186646 -2.15417504310608
v 35.99990081787109 -2.16834688186646 -2.15417504310608
v 31.99990081787109 -2.01136803627014 -2.22262001037598
v 35.99990081787109 -2.01136803627014 -2.22262001037598
v 31.99990081787109 -3.00009989738464 -2.00014805793762
v 31.99990081787109 -1.85204899311066 -2.30463004112244
v 35.99990081787109 -1.85204899311066 -2.30463004112244
v 35.99990081787109 -1.6107360124588 -2.45278000831604
v 31.99990081787109 -1.40876698493958 -2.60467195510864
v 35.99990081787109 -1.40876698493958 -2.60467195510864
v 35.99990081787109 -1.21920597553253 -2.77666902542114
v 35.99990081787109 -1.05587697029114 -2.95162510871887
v 35.99990081787109 -0.87877941131592 -3.1717209815979
v 31.99990081787109 -0.66824817657471 -3.47967791557312
v 35.99990081787109 -0.66824817657471 -3.47967791557312
v 31.99990081787109 -0.50313210487366 -3.77558708190918
v 35.99990081787109 -0.50313210487366 -3.77558708190918
v 31.99990081787109 -0.36128088831902 -4.09222316741943
v 35.99990081787109 -0.36128088831902 -4.09222316741943
v 35.99990081787109 -0.22846150398254 -4.46941423416138
v 35.99990081787109 -0.10909820348024 -4.92091798782349
v 35.99990081787109 -0.038365598768 -5.33927202224731
v 31.99990081787109 -0.01040816027671 -5.64619398117065
v 35.99990081787109 -0.01040816027671 -5.64619398117065
v 31.99990081787109 -0.00009989737737 -6.00002384185791
v 27.99995040893555 3.99998688697815 -16.00009918212891
v 28 3.99999809265137 -15.51599979400635
v 28 3.99999809265137 -15.98400020599365
v 28.01600074768066 1.87429797649384 -15.5
v 28.5 3.99999809265137 -15.98400020599365
v 28.5 3.99999809265137 -15.51599979400635
v 28.5 0.11380469799042 -15.98400020599365
v 28.01600074768066 1.8428430557251 -15.50413990020752
v 28.01600074768066 3.99999809265137 -16
v 28.01600074768066 0.00772740598768 -15.99586009979248
v 28 1.8604040145874 -15.51599979400635
v 28.01600074768066 3.99999809265137 -15.5
v 28.5 1.8604040145874 -15.51599979400635
v 28.48399925231934 3.99999809265137 -15.5
v 28.48399925231934 1.87429797649384 -15.5
v 28.48399925231934 1.8428430557251 -15.50413990020752
v 28.48399925231934 0.00772740598768 -15.99586009979248
v 28.48399925231934 3.99999809265137 -16
v 28 0.11380469799042 -15.98400020599365
v 27.99990081787109 8.00009536743164 -2
v 27.99995040893555 7.99998712539673 -6.00010013580322
v 27.9951000213623 3.78025507926941 -6.19242715835571
v 32.00510025024414 3.79605603218079 -6.17550706863403
v 27.9951000213623 3.79605603218079 -6.17543983459473
v 27.9951000213623 3.79605603218079 -5.99993276596069
v 27.9951000213623 3.57996988296509 -6.19988393783569
v 27.9951000213623 3.59628200531006 -6.18290710449219
v 27.99509048461914 3.55399394035339 -6.53753089904785
v 32.00508117675781 3.13073396682739 -7.1749119758606
v 32.00508117675781 3.11493301391602 -7.19189882278442
v 32.00508117675781 3.13073396682739 -6.88194990158081
v 27.99508094787598 3.13073396682739 -6.88188409805298
v 27.99508094787598 2.92700505256653 -7.19204807281494
v 27.99509048461914 3.33446407318115 -6.8646821975708
v 32.00508117675781 3.35026502609253 -6.84776210784912
v 32.00508880615234 3.35026502609253 -6.55479907989502
v 27.99509048461914 3.36606597900391 -6.5377459526062
v 32.00508880615234 3.55399394035339 -6.53759813308716
v 32.00508880615234 3.36606597900391 -6.53781318664551
v 32.00508117675781 3.33446407318115 -6.86474800109863
v 27.99505996704102 2.22663688659668 -8.52813339233398
v 27.99505996704102 2.24243807792664 -8.51114654541016
v 27.99505996704102 2.24243807792664 -8.21818447113037
v 27.99505996704102 2.25823903083801 -8.20119762420654
v 32.00505828857422 2.02239608764648 -8.5453929901123
v 32.00505065917969 2.01273202896118 -8.86606216430664
v 27.99505043029785 1.5731600522995 -9.22732543945312
v 32.00506973266602 2.90154004096985 -7.52976989746094
v 32.00506973266602 2.88522791862488 -7.54674816131592
v 27.99508094787598 2.90154004096985 -7.52970314025879
v 32.00508117675781 2.91120409965515 -7.20910120010376
v 27.99508094787598 2.91120409965515 -7.20903396606445
v 32.00506973266602 2.69729995727539 -7.54696321487427
v 32.00506973266602 2.68149900436401 -7.5639500617981
v 32.00506973266602 2.68149900436401 -7.85691213607788
v 27.99505996704102 2.03870797157288 -8.52834892272949
v 27.99505043029785 2.01273202896118 -8.86599540710449
v 32.00505065917969 1.77689003944397 -9.21019077301025
v 27.99505043029785 1.58896100521088 -9.2103385925293
v 32.00505065917969 1.58896100521088 -9.21040534973145
v 32.00505065917969 1.79269099235535 -8.90024185180664
v 27.99505043029785 1.79269099235535 -8.90017509460449
v 32.00505065917969 1.79269099235535 -9.19320392608643
v 32.00503921508789 1.55735898017883 -9.5373420715332
v 32.00503921508789 1.36943101882935 -9.53755664825439
v 27.99508094787598 2.69729995727539 -7.54689598083496
v 27.99508094787598 2.88522791862488 -7.54668092727661
v 27.99501991271973 0.68486362695694 -10.56363010406494
v 27.99501991271973 0.70066457986832 -10.54664039611816
v 32.00502014160156 0.48113420605659 -10.87386035919189
v 32.00502014160156 0.46482211351395 -10.89083957672119
v 27.99501991271973 0.66906261444092 -10.87357997894287
v 27.9950008392334 -0.00021481989825 -11.88271999359131
v 32.00500106811523 0.01558620017022 -11.86579990386963
v 32.00500106811523 -0.00021481989825 -11.88278007507324
v 27.9950008392334 -0 -11.9999303817749
v 27.9950008392334 0.01558620017022 -11.86573028564453
v 32.00500869750977 0.01558620017022 -11.57283020019531
v 27.99501037597656 0.01558620017022 -11.57277011871338
v 27.99501037597656 0.03138722106814 -11.5557804107666
v 32.00503158569336 0.90439397096634 -10.23653984069824
v 27.99501991271973 0.90439397096634 -10.52943992614746
v 27.99501991271973 0.88859301805496 -10.54642009735107
v 27.99504089355469 1.32765400409698 -9.89212322235107
v 27.99504089355469 1.34396600723267 -9.87514495849609
v 27.99504089355469 1.12392401695251 -9.90932464599609
v 32.00503921508789 1.1397260427475 -9.89240455627441
v 32.00503921508789 1.12392401695251 -9.90939140319824
v 32.00503158569336 1.12392401695251 -10.20234966278076
v 27.99501991271973 0.46482211351395 -10.89076995849609
v 32.00500869750977 0.43884611129761 -11.22848033905029
v 32.00500869750977 0.03138722106814 -11.5558500289917
v 32.00500869750977 0.2351166009903 -11.24567985534668
v 32.00500869750977 0.25091761350632 -11.22869968414307
v 32.00503158569336 1.10812294483185 -10.21934032440186
v 32.00502014160156 0.88859301805496 -10.54648971557617
v 32.00510025024414 3.79605603218079 -6
v 32.00510025024414 3.98419904708862 -6.29250812530518
v 27.99509048461914 4 -6.27545404434204
v 32.00510025024414 4 -6.27552080154419
v 27.99995040893555 4 -6.00010013580322
v 27.99509048461914 3.7839150428772 -6.29989910125732
v 32.00508880615234 3.77425098419189 -6.62063407897949
v 27.99509048461914 3.77425098419189 -6.62056684494019
v 27.99508094787598 3.13094902038574 -7.2920618057251
v 32.00508117675781 3.35048007965088 -6.96497821807861
v 32.00508117675781 3.53840804100037 -6.96476316452026
v 27.99508094787598 3.55420899391174 -6.94771003723145
v 27.99508094787598 3.53840804100037 -6.96469593048096
v 32.00508117675781 3.55420899391174 -6.94777584075928
v 32.00508880615234 3.55420899391174 -6.65481376647949
v 27.99509048461914 3.57000994682312 -6.63776111602783
v 32.00510025024414 3.80022692680359 -6.28298807144165
v 27.99509048461914 3.98419904708862 -6.29244089126587
v 27.99509048461914 3.80022692680359 -6.28292083740234
v 27.99509048461914 3.7579391002655 -6.63754606246948
v 32.00508880615234 3.7579391002655 -6.63761186599731
v 27.99508094787598 3.35048007965088 -6.96491098403931
v 27.99505996704102 2.43058109283447 -8.62814807891846
v 32.00505065917969 2.24265289306641 -8.6284294128418
v 32.00505065917969 2.20036506652832 -8.98305511474609
v 32.00503921508789 1.76130402088165 -9.63735580444336
v 27.99504089355469 1.77710497379303 -9.62030220031738
v 32.00503921508789 1.57337498664856 -9.63757133483887
v 32.00503921508789 1.77710497379303 -9.62036895751953
v 27.99506950378418 3.10548400878906 -7.62971782684326
v 27.99506950378418 3.08917188644409 -7.64669609069824
v 32.00506973266602 3.10548400878906 -7.62978506088257
v 32.00508117675781 3.11514806747437 -7.30911588668823
v 32.00506973266602 2.88544297218323 -7.66396379470825
v 27.99506950378418 2.9012439250946 -7.64691114425659
v 27.99506950378418 2.88544297218323 -7.6638970375061
v 32.00506973266602 2.88544297218323 -7.95692586898804
v 32.00506973266602 2.9012439250946 -7.64697694778442
v 27.99506950378418 2.88544297218323 -7.9568600654602
v 32.00506973266602 2.86964201927185 -7.97391319274902
v 27.99506950378418 2.86964201927185 -7.97384595870972
v 27.99505996704102 2.24265289306641 -8.62836265563965
v 32.00505065917969 2.01243591308594 -8.98326969146729
v 27.99505043029785 2.01243591308594 -8.98320293426514
v 32.00503921508789 1.77710497379303 -9.32740688323975
v 32.00505065917969 1.99663496017456 -9.0002555847168
v 27.99504089355469 1.77710497379303 -9.3273401260376
v 32.00506973266602 3.08917188644409 -7.64676189422607
v 27.99505996704102 2.65011096000671 -8.30099773406982
v 32.00500106811523 0.20372940599918 -11.9827995300293
v 27.9950008392334 0.20372940599918 -11.9827299118042
v 32.00500106811523 0.0158010199666 -11.98301029205322
v 32.00500106811523 0.21953040361404 -11.96580982208252
v 27.9950008392334 0.0158010199666 -11.98295021057129
v 32.00500106811523 -0 -12
v 32.00503921508789 1.5315979719162 -9.9922046661377
v 27.99502944946289 1.54790997505188 -9.97515964508057
v 32.00503921508789 1.54790997505188 -9.97522640228271
v 32.00503921508789 1.55757403373718 -9.6545581817627
v 32.00503158569336 1.32786905765533 -10.00940990447998
v 27.99502944946289 1.34367001056671 -9.99235153198242
v 27.99502944946289 1.32786905765533 -10.00934028625488
v 32.00503158569336 1.32786905765533 -10.30237007141113
v 32.00503921508789 1.34367001056671 -9.99241924285889
v 27.99502944946289 1.32786905765533 -10.30230045318604
v 27.99502944946289 1.31206798553467 -10.31929016113281
v 32.00503158569336 1.1083379983902 -10.33656024932861
v 32.00502014160156 1.09253704547882 -10.64651012420654
v 27.99501991271973 1.09253704547882 -10.64643955230713
v 27.99501991271973 0.88880789279938 -10.66364002227783
v 32.00502014160156 0.9046089053154 -10.64671993255615
v 27.99501991271973 0.88880789279938 -10.95660018920898
v 27.99501991271973 0.66876631975174 -10.99077987670898
v 32.00500869750977 0.6427903175354 -11.32849979400635
v 32.00500106811523 0.43906080722809 -11.6386604309082
v 27.99501037597656 0.43906080722809 -11.63858985900879
v 27.99501037597656 0.42325991392136 -11.65557956695557
v 32.00500869750977 0.45486190915108 -11.32870960235596
v 32.00500106811523 0.21953040361404 -11.67284965515137
v 32.00503158569336 1.31206798553467 -10.31935977935791
v 32.00503921508789 1.5731600522995 -9.52035522460938
v 32.00505065917969 1.5731600522995 -9.22739219665527
v 32.00503921508789 1.35362994670868 -9.55454254150391
v 32.00503921508789 1.34396600723267 -9.87521171569824
v 32.00503921508789 1.32765400409698 -9.89218997955322
v 32.00503158569336 1.12413895130157 -10.31956958770752
v 32.00503158569336 0.92019498348236 -10.21955966949463
v 32.00502014160156 1.1083379983902 -10.62952041625977
v 32.00502014160156 0.90439397096634 -10.52950000762939
v 32.00502014160156 0.88880789279938 -10.66370964050293
v 32.00502014160156 0.68486362695694 -10.56369018554688
v 32.00502014160156 0.70066457986832 -10.54671001434326
v 32.00502014160156 0.88880789279938 -10.95666980743408
v 32.00502014160156 0.68486362695694 -10.85665988922119
v 32.00502014160156 0.68507838249207 -10.97387027740479
v 32.00502014160156 0.87300688028336 -10.97366046905518
v 32.00502014160156 0.66876631975174 -10.9908504486084
v 32.00502014160156 0.66906261444092 -10.8736400604248
v 32.00500869750977 0.65910238027573 -11.31151962280273
v 32.00500869750977 0.45515820384026 -11.21150016784668
v 32.00500869750977 0.43906080722809 -11.34570026397705
v 32.00500869750977 0.2351166009903 -11.538649559021
v 32.00500106811523 0.23533150553703 -11.65585994720459
v 32.00500106811523 0.42325991392136 -11.65565013885498
v 32.00500869750977 0.21931560337543 -11.55562973022461
v 32.00503921508789 1.7929060459137 -9.31042003631592
v 32.00505065917969 1.99663496017456 -9.2932186126709
v 32.00503921508789 1.98083400726318 -9.31020545959473
v 32.00505065917969 1.9964200258255 -8.8830394744873
v 32.00505065917969 1.80849194526672 -8.88325500488281
v 32.00505065917969 2.2166759967804 -8.9660758972168
v 32.00505065917969 2.22634100914001 -8.64540767669678
v 32.00505828857422 2.22663688659668 -8.52820014953613
v 32.00505828857422 2.03870797157288 -8.52841567993164
v 32.00505828857422 2.24243807792664 -8.5112133026123
v 32.00505828857422 2.44638204574585 -8.61122798919678
v 32.00505065917969 2.43058109283447 -8.62821483612061
v 32.00505828857422 2.24243807792664 -8.21825122833252
v 32.00505828857422 2.44638204574585 -8.31826591491699
v 32.00505828857422 2.4461669921875 -8.2010498046875
v 32.00505828857422 2.25823903083801 -8.20126438140869
v 32.00505828857422 2.46196794509888 -8.18406295776367
v 32.00505828857422 2.46218299865723 -8.30127906799316
v 32.00505828857422 2.66591191291809 -8.28407669067383
v 32.00505828857422 2.65011096000671 -8.30106353759766
v 32.00506973266602 2.46196794509888 -7.89109992980957
v 32.00506973266602 2.66591191291809 -7.9911150932312
v 32.00506973266602 2.66569805145264 -7.87389898300171
v 32.00506973266602 2.47776889801025 -7.87411403656006
v 32.00506973266602 2.68171405792236 -7.97412776947021
v 32.00508117675781 2.92700505256653 -7.19211387634277
v 32.00508117675781 3.13094902038574 -7.2921290397644
v 32.00508117675781 3.33467888832092 -7.27492713928223
v 32.00508117675781 3.31887793540955 -7.29191398620605
v 32.00508117675781 3.33467888832092 -6.98196506500244
v 32.00508117675781 3.14653611183167 -6.8649640083313
v 32.00508880615234 3.57030701637268 -6.52061891555786
v 32.00508880615234 3.57000994682312 -6.63782691955566
v 32.00510025024414 3.57996988296509 -6.199951171875
v 32.00510025024414 3.7839150428772 -6.29996490478516
v 32.00510025024414 3.78025507926941 -6.19249296188354
v 32.00510025024414 3.59628200531006 -6.18297290802002
v 27.99505043029785 1.99663496017456 -9.00018882751465
v 27.99505043029785 1.9964200258255 -8.88297271728516
v 27.99505043029785 1.80849194526672 -8.88318824768066
v 27.99504089355469 1.99663496017456 -9.29315185546875
v 27.99505043029785 1.79269099235535 -9.19313716888428
v 27.99504089355469 1.7929060459137 -9.31035327911377
v 27.99504089355469 1.98083400726318 -9.31013870239258
v 27.99505043029785 1.77689003944397 -9.21012401580811
v 27.99504089355469 1.5731600522995 -9.52028846740723
v 27.99504089355469 1.57337498664856 -9.63750457763672
v 27.99504089355469 1.76130402088165 -9.63728904724121
v 27.99504089355469 1.55757403373718 -9.65449142456055
v 27.99504089355469 1.55735898017883 -9.53727531433105
v 27.99504089355469 1.35362994670868 -9.55447673797607
v 27.99504089355469 1.36943101882935 -9.53748989105225
v 27.99502944946289 1.5315979719162 -9.99213790893555
v 27.99504089355469 1.1397260427475 -9.89233779907227
v 27.99502944946289 1.12392401695251 -10.20228958129883
v 27.99502944946289 1.12413895130157 -10.31949996948242
v 27.99502944946289 1.1083379983902 -10.3364896774292
v 27.99502944946289 1.10812294483185 -10.21926975250244
v 27.99502944946289 0.90439397096634 -10.23647975921631
v 27.99502944946289 0.92019498348236 -10.21949005126953
v 27.99501991271973 1.1083379983902 -10.62944984436035
v 27.99501991271973 0.9046089053154 -10.64665031433105
v 27.99501991271973 0.68486362695694 -10.85659027099609
v 27.99501991271973 0.68507838249207 -10.97381019592285
v 27.99501991271973 0.87300688028336 -10.97358989715576
v 27.99501991271973 0.48113420605659 -10.87378978729248
v 27.99501037597656 0.65910238027573 -11.31145000457764
v 27.99501037597656 0.45515820384026 -11.21144008636475
v 27.99501037597656 0.45486190915108 -11.32863998413086
v 27.99501037597656 0.6427903175354 -11.32843017578125
v 27.99501037597656 0.43906080722809 -11.34562969207764
v 27.99501037597656 0.43884611129761 -11.22842025756836
v 27.99501037597656 0.2351166009903 -11.24561977386475
v 27.99501037597656 0.25091761350632 -11.22863006591797
v 27.99501037597656 0.2351166009903 -11.5385799407959
v 27.99501037597656 0.23533150553703 -11.65579986572266
v 27.9950008392334 0.21953040361404 -11.67278003692627
v 27.99501037597656 0.21931560337543 -11.55556964874268
v 27.9950008392334 0.21953040361404 -11.96574020385742
v 27.99505043029785 2.2166759967804 -8.96600914001465
v 27.99505043029785 2.20036506652832 -8.98298835754395
v 27.99505996704102 2.02239608764648 -8.54532623291016
v 27.99505996704102 2.22634100914001 -8.64534091949463
v 27.99505996704102 2.44638204574585 -8.61116123199463
v 27.99505996704102 2.44638204574585 -8.31819915771484
v 27.99505996704102 2.4461669921875 -8.20098304748535
v 27.99505996704102 2.46196794509888 -8.18399620056152
v 27.99505996704102 2.46218299865723 -8.30121231079102
v 27.99505996704102 2.66591191291809 -8.28400993347168
v 27.99506950378418 2.46196794509888 -7.89103412628174
v 27.99506950378418 2.66591191291809 -7.99104785919189
v 27.99506950378418 2.66569805145264 -7.87383222579956
v 27.99506950378418 2.47776889801025 -7.87404680252075
v 27.99506950378418 2.68149900436401 -7.85684490203857
v 27.99506950378418 2.68171405792236 -7.97406101226807
v 27.99506950378418 2.68149900436401 -7.56388282775879
v 27.99508094787598 3.11514806747437 -7.30904912948608
v 27.99508094787598 3.11493301391602 -7.19183301925659
v 27.99508094787598 3.13073396682739 -7.17484617233276
v 27.99508094787598 3.33467888832092 -7.27485990524292
v 27.99508094787598 3.31887793540955 -7.29184722900391
v 27.99508094787598 3.33467888832092 -6.98189783096313
v 27.99509048461914 3.14653611183167 -6.86489677429199
v 27.99509048461914 3.35026502609253 -6.84769487380981
v 27.99509048461914 3.35026502609253 -6.55473184585571
v 27.99509048461914 3.55420899391174 -6.65474700927734
v 27.99509048461914 3.57030701637268 -6.52055311203003
v 31.99995040893555 -8.00000095367432 -11.99989986419678
v 36.00004959106445 8.00001335144043 -6.00010013580322
v 36 0.00009489058721 -1.99989998340607
v 36.00009918212891 -3.99990510940552 -4
v 31.99990081787109 3.9998950958252 -2
v 36.00004959106445 8.00001335144043 -1.99989998340607
v 31.99995040893555 7.99998807907104 -1.99989998340607
v 36.00009918212891 3.9998950958252 -2
v 36.23400115966797 8 -5.5
v 35.76599884033203 8 -5.5
v 36.23400115966797 4 -5.5
v 36.25 4 -5.98400020599365
v 35.76599884033203 8 -6
v 35.75 8 -5.51599979400635
v 35.76599884033203 4 -5.5
v 35.75 4 -5.51599979400635
v 36.25 4 -5.51599979400635
v 36.25 8 -5.51599979400635
v 36.25 8 -5.98400020599365
v 36.23400115966797 4 -6
v 36.23400115966797 8 -6
v 35.75 4 -5.98400020599365
v 35.76599884033203 4 -6
v 35.75 8 -5.98400020599365
v 35.76599884033203 -4 -5.5
v 36.25 0 -5.98400020599365
v 36.25 -4 -5.51599979400635
v 36.25 0 -5.51599979400635
v 36.25 -4 -5.98400020599365
v 35.75 0 -5.51599979400635
v 35.75 -4 -5.51599979400635
v 35.76599884033203 0 -5.5
v 36.23400115966797 0 -5.5
v 36.23400115966797 -4 -5.5
v 36.23400115966797 -4 -6
v 36.23400115966797 0 -6
v 35.76599884033203 0 -6
v 35.75 -4 -5.98400020599365
v 35.76599884033203 -4 -6
v 35.75 0 -5.98400020599365
v 36 3.9998950958252 -5.99989986419678
v 36 3.9998950958252 -10.00010013580322
v 36.00004959106445 -8.00000095367432 -3.99990010261536
v 27.99990081787109 0.00009489058721 -2
v 28 8.00009536743164 -3.99989795684814
v 28 8.00009536743164 -8.00010013580322
v 28 -3.76600003242493 -11.75
v 28 -4.25 -11.76599979400635
v 32 -3.75 -11.76599979400635
v 28 -3.75 -12.23400020599365
v 32 -3.75 -12.23400020599365
v 28 -3.75 -11.76599979400635
v 28 -4.23400020599365 -11.75
v 28 -4.23400020599365 -12.25
v 28 -4.25 -12.23400020599365
v 32 -4.23400115966797 -12.25
v 32 -3.76600003242493 -12.25
v 28 -3.76600003242493 -12.25
v 27.99990081787109 8.00009536743164 -12
v 36 0.34223970770836 -5.73868703842163
v 32 -0.34224009513855 -5.76131296157837
v 36 -0.34223970770836 -5.76131296157837
v 36 -0.34223970770836 -5.73868608474731
v 32 -0.34224009513855 -5.73868608474731
v 36 0.01131367962807 -5.40776014328003
v 36 -0.01131374016404 -5.40776014328003
v 32 0.01131333038211 -5.40776014328003
v 32 0.34223940968513 -5.73868703842163
v 36 0.34223970770836 -5.76131391525269
v 32 0.34223940968513 -5.76131391525269
v 32 0.01131337974221 -6.09223985671997
v 36 -0.01131367962807 -6.09223985671997
v 36 0.01131374016404 -6.09223985671997
v 31.99995040893555 -8.00000095367432 -3.99990010261536
v 32 8.23400020599365 -5
v 32 8.25 -5.48400020599365
v 32 8.25 -5.01599979400635
v 36 8.25 -5.48400020599365
v 32 8.23400020599365 -5.5
v 32 7.75 -5.48400020599365
v 36 7.76599979400635 -5
v 36 7.75 -5.01599979400635
v 36 8.25 -5.01599979400635
v 36 8.23400020599365 -5
v 36 8.23400020599365 -5.5
v 36 7.75 -5.48400020599365
v 36 7.76599979400635 -5.5
v 30.25 3.99999809265137 -15.98400020599365
v 30.26600074768066 3.99999809265137 -15.5
v 30.73399925231934 1.87429797649384 -15.5
v 30.75 1.8604040145874 -15.51599979400635
v 30.26600074768066 0.00772740598768 -15.99586009979248
v 30.73399925231934 1.8428430557251 -15.50413990020752
v 30.25 0.11380469799042 -15.98400020599365
v 30.26600074768066 3.99999809265137 -16
v 30.26600074768066 1.8428430557251 -15.50413990020752
v 30.25 3.99999809265137 -15.51599979400635
v 30.26600074768066 1.87429797649384 -15.5
v 30.73399925231934 3.99999809265137 -15.5
v 30.75 3.99999809265137 -15.51599979400635
v 30.75 3.99999809265137 -15.98400020599365
v 30.73399925231934 0.00772740598768 -15.99586009979248
v 30.75 0.11380469799042 -15.98400020599365
v 30.73399925231934 3.99999809265137 -16
v 30.25 1.8604040145874 -15.51599979400635
v 28 7.76599884033203 -5
v 28 8.23399925231934 -5.5
v 28 7.75 -5.48400020599365
v 28 7.75 -5.01599979400635
v 32 7.76599979400635 -5
v 32 7.75 -5.01599979400635
v 28 8.23399925231934 -5
v 28 8.25 -5.01599979400635
v 28 8.25 -5.48400020599365
v 28 7.76599884033203 -5.5
v 32 7.76599979400635 -5.5
v 27.99990081787109 -2.54987406730652 -2.04176092147827
v 31.99990081787109 -2.54987406730652 -2.04176092147827
v 27.99990081787109 -2.75815010070801 -2.0114860534668
v 27.99990081787109 -2.36936688423157 -2.08540797233582
v 27.99990081787109 -2.16834688186646 -2.15417504310608
v 27.99990081787109 -2.01136803627014 -2.22262001037598
v 27.99990081787109 -3.00009989738464 -2.00014805793762
v 27.99990081787109 -1.85204994678497 -2.30463004112244
v 27.99990081787109 -1.6107360124588 -2.45278000831604
v 31.99990081787109 -1.6107360124588 -2.45278000831604
v 27.99990081787109 -1.40876698493958 -2.60467195510864
v 27.99990081787109 -1.21920597553253 -2.77666902542114
v 31.99990081787109 -1.21920597553253 -2.77666902542114
v 27.99990081787109 -1.05587697029114 -2.95162510871887
v 31.99990081787109 -1.05587697029114 -2.95162510871887
v 27.99990081787109 -0.87877959012985 -3.1717209815979
v 31.99990081787109 -0.87877941131592 -3.1717209815979
v 27.99990081787109 -0.66824817657471 -3.47967791557312
v 27.99990081787109 -0.50313210487366 -3.77558708190918
v 27.99990081787109 -0.36128118634224 -4.09222316741943
v 27.99990081787109 -0.22846150398254 -4.46941423416138
v 31.99990081787109 -0.22846150398254 -4.46941423416138
v 27.99990081787109 -0.10909870266914 -4.92091798782349
v 31.99990081787109 -0.10909820348024 -4.92091798782349
v 27.99990081787109 -0.038365598768 -5.33927297592163
v 31.99990081787109 -0.038365598768 -5.33927202224731
v 27.99990081787109 -0.01040816027671 -5.64619398117065
# 1479 vertices

vn 0 1 0
vn 0 0 1
vn 1 0 0
vn 0 0 -1
vn -1 0 0
vn -0.70710676908493 0 0.70710676908493
vn 0.70710676908493 0 0.70710676908493
vn 0.70710676908493 0 -0.70710676908493
vn -0.70710676908493 0 -0.70710676908493
vn 0 -1 0
vn 0 0.70710676908493 0.70710676908493
vn 0 -0.70710676908493 0.70710676908493
vn 0 -0.70710676908493 -0.70710676908493
vn 0 0.70710676908493 -0.70710676908493
vn 1 0 0
vn -1 0 0
vn 0 -0.96592617034912 0.2588178217411
vn 0.70710676908493 0.70710676908493 0
vn 0.65982991456985 -0.74498844146729 0.09806509315968
vn 0.70710676908493 -0.70710676908493 0
vn 0.70710802078247 -0.68301379680634 0.18300370872021
vn -0.65982991456985 -0.74498844146729 0.09806509315968
vn -0.70710676908493 -0.70710676908493 0
vn 0 -0.99144810438156 0.13050138950348
vn -0.70710676908493 0.70710676908493 0
vn -0.70710802078247 -0.68301379680634 0.18300370872021
vn 0 0 1
vn 0 0 -1
vn 0.63724833726883 -0.64599877595901 0.42023825645447
vn 0.31412926316261 -0.18043994903564 0.93207520246506
vn 0.52689135074615 0 0.84993261098862
vn 0.31647792458534 -0.72486478090286 0.61189275979996
vn 0.18178598582745 0 0.98333811759949
vn -0.22934676706791 -0.14037685096264 0.96316891908646
vn -0.3088493347168 0 0.95111095905304
vn -0.27759894728661 -0.60876142978668 0.74320143461227
vn -0.58483380079269 -0.46364188194275 0.6655867099762
vn -0.45204472541809 0 0.89199525117874
vn -0.56282967329025 -0.6884897351265 -0.45738896727562
vn -0.27037784457207 -0.18237692117691 -0.94532245397568
vn -0.45204472541809 0 -0.89199525117874
vn -0.27750599384308 -0.73223459720612 -0.62195092439651
vn -0.15440739691257 0 -0.98800724744797
vn 0.3166064620018 -0.59946155548096 -0.73512321710587
vn 0.26475790143013 -0.13703534007072 -0.95452845096588
vn 0.36360266804695 0 -0.93155413866043
vn 0.66027265787125 -0.43076479434967 -0.61520862579346
vn 0.52689135074615 0 -0.84993261098862
vn -0.22613309323788 -0.95481538772583 0.19285064935684
vn -0.19909706711769 -0.96854740381241 -0.14925247430801
vn 0.2315981388092 -0.96183079481125 0.1457527577877
vn 0.26513016223907 -0.94520598649979 -0.19050371646881
vn 0 -0.2588178217411 0.96592617034912
vn -0.65982991456985 -0.09806509315968 0.74498844146729
vn -0.70710802078247 -0.18300370872021 0.68301379680634
vn 0.65982991456985 -0.09806509315968 0.74498844146729
vn 0 -0.13050138950348 0.99144810438156
vn 0.70710802078247 -0.18300370872021 0.68301379680634
vn 0 -0.20481650531292 0.97880041599274
vn 0 -0.11159418523312 0.99375385046005
vn 0 -0.17440927028656 0.98467326164246
vn 0 -0.07921981066465 0.99685716629028
vn 0 -0.04678266122937 0.99890506267548
vn 0 -0.264817237854 0.96429860591888
vn 0 -0.29438447952271 0.95568704605103
vn 0 -0.3492596745491 0.9370259642601
vn 0 -0.37460514903069 0.9271844625473
vn 0 -0.41919687390327 0.90789532661438
vn 0 -0.4385424554348 0.89871048927307
vn 0 -0.47982400655746 0.87736475467682
vn 0 -0.50167179107666 0.86505806446075
vn 0 -0.54969972372055 0.83536231517792
vn 0 -0.57567298412323 0.81768000125885
vn 0 -0.62527418136597 0.78040516376495
vn 0 -0.64893382787704 0.7608448266983
vn 0 -0.69217067956924 0.7217338681221
vn 0 -0.7118564248085 0.70232498645782
vn 0 -0.7474627494812 0.66430371999741
vn 0 -0.76351308822632 0.64579230546951
vn 0 -0.79511737823486 0.60645550489426
vn 0 -0.81060093641281 0.58559894561768
vn 0 -0.84220045804977 0.53916454315186
vn 0 -0.85814023017883 0.51341539621353
vn 0 -0.88713693618774 0.46150624752045
vn 0 -0.90026158094406 0.43534937500954
vn 0 -0.92351275682449 0.38356778025627
vn 0 -0.93373167514801 0.35797369480133
vn 0 -0.95176810026169 0.3068183362484
vn 0 -0.95962285995483 0.28128978610039
vn 0 -0.97408956289291 0.2261625379324
vn 0 -0.98050367832184 0.19650073349476
vn 0 -0.98994261026382 0.14146949350834
vn 0 -0.99323797225952 0.11609599739313
vn 0 -0.99753379821777 0.07018768042326
vn 0 -0.99876630306244 0.04965706169605
vn 0 -0.99957668781281 0.02909416332841
vn 0 -0.2285690009594 -0.97352772951126
vn 0 -0.87520182132721 -0.48375794291496
vn 0 -0.51347517967224 -0.85810446739197
vn 0 -0.97030586004257 -0.24188113212585
vn 0 -1 0
vn 0 -0.96375435590744 -0.26679113507271
vn 0 -0.5037893652916 -0.86382651329041
vn 0 -0.8651008605957 -0.50159788131714
vn 0 -0.22378438711166 -0.97463870048523
vn 0 -0.51764494180679 -0.85559552907944
vn 0 -0.25943997502327 -0.96575921773911
vn 0 -0.26419612765312 -0.96446895599365
vn 0 -0.52720105648041 -0.84974056482315
vn 0 -0.96508330106735 -0.26194313168526
vn 0 -0.87062162160873 -0.49195325374603
vn 0 -0.51763111352921 -0.85560387372971
vn 0 -0.25941082835197 -0.96576708555222
vn 0 -0.97061675786972 -0.24063070118427
vn 0 -0.87547922134399 -0.48325577378273
vn 0 -0.99999833106995 0.00181255361531
vn 0 0.2285690009594 0.97352772951126
vn 0 0.87520182132721 0.48375794291496
vn 0 0.51347517967224 0.85810446739197
vn 0 0.97030586004257 0.24188113212585
vn 0 1 0
vn 0 0.96375435590744 0.26679113507271
vn 0 0.50376605987549 0.86384010314941
vn 0 0.8651008605957 0.50159788131714
vn 0 0.22378438711166 0.97463870048523
vn 0 0.96375662088394 0.26678308844566
vn 0 0.86511445045471 0.50157451629639
vn 0 0.51764494180679 0.85559552907944
vn 0 0.25943997502327 0.96575921773911
vn 0 0.26419612765312 0.96446895599365
vn 0 0.52720105648041 0.84974056482315
vn 0 0.96508330106735 0.26194313168526
vn 0 0.87062162160873 0.49195325374603
vn 0 0.25941082835197 0.96576708555222
vn 0 0.51763111352921 0.85560387372971
vn 0 0.26422521471977 0.9644610285759
vn 0 0.73220777511597 0.68108135461807
vn 0 0.2285690009594 -0.97352772951126
vn 0 0.87520182132721 -0.48375794291496
vn 0 0.51347517967224 -0.85810446739197
vn 0 0.97030586004257 -0.24188113212585
vn 0 0.96375435590744 -0.26679113507271
vn 0 0.50376605987549 -0.86384010314941
vn 0 0.8651008605957 -0.50159788131714
vn 0 0.22378438711166 -0.97463870048523
vn 0 0.96375662088394 -0.26678308844566
vn 0 0.86511445045471 -0.50157451629639
vn 0 0.51764494180679 -0.85559552907944
vn 0 0.25943997502327 -0.96575921773911
vn 0 0.26419612765312 -0.96446895599365
vn 0 0.52720105648041 -0.84974056482315
vn 0 0.96508330106735 -0.26194313168526
vn 0 0.87062162160873 -0.49195325374603
vn 0 0.25941082835197 -0.96576708555222
vn 0 0.51763111352921 -0.85560387372971
vn 0 0.26422521471977 -0.9644610285759
vn 0 0.73220777511597 -0.68108135461807
vn 0 -0.20481650531292 -0.97880041599274
vn 0 -0.11159418523312 -0.99375385046005
vn 0 -0.17440927028656 -0.98467326164246
vn 0 -0.07921981066465 -0.99685716629028
vn 0 -0.04678266122937 -0.99890506267548
vn 0 -0.264817237854 -0.96429860591888
vn 0 -0.29438447952271 -0.95568704605103
vn 0 -0.3492596745491 -0.9370259642601
vn 0 -0.37460514903069 -0.9271844625473
vn 0 -0.41919687390327 -0.90789532661438
vn 0 -0.4385424554348 -0.89871048927307
vn 0 -0.47982400655746 -0.87736475467682
vn 0 -0.50167179107666 -0.86505806446075
vn 0 -0.54969972372055 -0.83536231517792
vn 0 -0.57567298412323 -0.81768000125885
vn 0 -0.62527418136597 -0.78040516376495
vn 0 -0.64893382787704 -0.7608448266983
vn 0 -0.69217067956924 -0.7217338681221
vn 0 -0.7118564248085 -0.70232498645782
vn 0 -0.7474627494812 -0.66430371999741
vn 0 -0.76351308822632 -0.64579230546951
vn 0 -0.79511737823486 -0.60645550489426
vn 0 -0.81060093641281 -0.58559894561768
vn 0 -0.84220045804977 -0.53916454315186
vn 0 -0.85814023017883 -0.51341539621353
vn 0 -0.88713693618774 -0.46150624752045
vn 0 -0.90026158094406 -0.43534937500954
vn 0 -0.92351275682449 -0.38356778025627
vn 0 -0.93373167514801 -0.35797369480133
vn 0 -0.95176810026169 -0.3068183362484
vn 0 -0.95962285995483 -0.28128978610039
vn 0 -0.97408956289291 -0.2261625379324
vn 0 -0.98050367832184 -0.19650073349476
vn 0 -0.98994261026382 -0.14146949350834
vn 0 -0.99323797225952 -0.11609599739313
vn 0 -0.99753379821777 -0.07018768042326
vn 0 -0.99876630306244 -0.04965706169605
vn 0 -0.99957668781281 -0.02909416332841
vn 0 -0.2285690009594 0.97352772951126
vn 0 -0.87520182132721 0.48375794291496
vn 0 -0.51347517967224 0.85810446739197
vn 0 -0.97030586004257 0.24188113212585
vn 0 -0.96375435590744 0.26679113507271
vn 0 -0.5037893652916 0.86382651329041
vn 0 -0.8651008605957 0.50159788131714
vn 0 -0.22378438711166 0.97463870048523
vn 0 -0.51764494180679 0.85559552907944
vn 0 -0.25943997502327 0.96575921773911
vn 0 -0.26419612765312 0.96446895599365
vn 0 -0.52720105648041 0.84974056482315
vn 0 -0.96508330106735 0.26194313168526
vn 0 -0.87062162160873 0.49195325374603
vn 0 -0.51763111352921 0.85560387372971
vn 0 -0.25941082835197 0.96576708555222
vn 0 -0.97061675786972 0.24063070118427
vn 0 -0.87547922134399 0.48325577378273
vn 0 -0.99999833106995 -0.00181255361531
# 214 normals

vt 1 0 0
vt 0.00003051758176 0 0
vt 1 0.99996948242188 0
vt 0.00003051758176 0.99996948242188 0
vt 0.37500759959221 0.99996948242188 0
vt 0.37500759959221 0 0
vt 0.49587249755859 0.99996948242188 0
vt 0.49587249755859 0 0
vt 0.50000762939453 0.99996948242188 0
vt 0.50000762939453 0 0
vt 0.62087249755859 0.99996948242188 0
vt 0.62087249755859 0 0
vt 0.62500762939453 0.99996948242188 0
vt 0.62500762939453 0 0
vt 0.74587249755859 0.99996948242188 0
vt 0.74587249755859 0 0
vt 0.25002288818359 0.99996948242188 0
vt 0.25002288818359 0 0
vt 0.37087440490723 0.99996948242188 0
vt 0.37087440490723 0 0
vt 0.75000762939453 0 0
vt 0.75000762939453 0.99996948242188 0
vt 1 0.99995040893555 0
vt 0.00003366265082 0.99995040893555 0
vt 0.37900540232658 0.99996948242188 0
vt 0.37900540232658 0.0267333984375 0
vt 0.49600219726562 0.99996948242188 0
vt 0.50399780273438 0.99996948242188 0
vt 0.50399780273438 0.47035217285156 0
vt 0.62100219726562 0.99996948242188 0
vt 0.62100219726562 0.47035217285156 0
vt 0.62899780273438 0.99996948242188 0
vt 0.62899780273438 0.46684277057648 0
vt 0.74600219726562 0.99996948242188 0
vt 0.74600219726562 0.0267333984375 0
vt 0.62100219726562 0.46241760253906 0
vt 0.50399780273438 0.46241760253906 0
vt 0.62100219726562 0 0
vt 0.50399780273438 0 0
vt 0.37100219726562 0.99996948242188 0
vt 0.37500759959221 0.0267333984375 0
vt 0.37100219726562 0.00013732910156 0
vt 0.5 0.46684277057648 0
vt 0.5 0.99996948242188 0
vt 0.49897000193596 0.46241760253906 0
vt 0.49600219726562 0.46684277057648 0
vt 0.37603759765625 0 0
vt 0.625 0.46684277057648 0
vt 0.625 0.99996948242188 0
vt 0.25002288818359 0.0267333984375 0
vt 0.25400540232658 0.00013732910156 0
vt 0.25400540232658 0.99996948242188 0
vt 0.74896240234375 0 0
vt 0.62603759765625 0.46241760253906 0
vt 1 0.95000261068344 0
vt 1 0.96250188350677 0
vt 0.00002515458982 0.95000249147415 0
vt 0.00002515458982 0.96250182390213 0
vt 1 0.97500121593475 0
vt 1 0.98750048875809 0
vt 0.00000003565137 0.9750012755394 0
vt 0.00000003565137 0.98750060796738 0
vt 0.00002515458982 0.96250188350677 0
vt 0.00002515458982 0.97500121593475 0
vt 1 0.98750072717667 0
vt 1 1 0
vt 0 0.98750060796738 0
vt 0 0.99999988079071 0
vt 1.06936299800873 0.33196711540222 0
vt 0.9750109910965 0.38939344882965 0
vt 0 0 0
vt 1.15635001659393 0.27708458900452 0
vt 1.15183401107788 0.28103494644165 0
vt 1.14725995063782 0.33196711540222 0
vt 1.24333798885345 0.2222021818161 0
vt 1.23882102966309 0.22615218162537 0
vt 1.23424696922302 0.27708458900452 0
vt 1.33032298088074 0.16719150543213 0
vt 1.32580804824829 0.17126977443695 0
vt 1.32123398780823 0.2222021818161 0
vt 1.42467498779297 0.10976529121399 0
vt 1.4201580286026 0.11371541023254 0
vt 1.41558694839478 0.16477560997009 0
vt 1.51166200637817 0.05488252639771 0
vt 1.50714504718781 0.05883288383484 0
vt 1.50257194042206 0.10976529121399 0
vt 1.15177702903748 0.32801687717438 0
vt 1.23876404762268 0.27313423156738 0
vt 1.3257509469986 0.21825170516968 0
vt 1.42010104656219 0.16069769859314 0
vt 1.50708794593811 0.10581493377686 0
vt 1.59413301944733 0.00395035743713 0
vt 1.58955895900726 0.05488252639771 0
vt 1.5986499786377 0 0
vt 1.59407603740692 0.05093240737915 0
vt 0.08304619789124 0.94597858190536 0
vt -0.00135040294845 1 0
vt 0.07853174209595 0.95005667209625 0
vt 0.07654643058777 1 0
vt 0.17739820480347 0.88855230808258 0
vt 0.17288160324097 0.89250248670578 0
vt 0.16830989718437 0.94356262683868 0
vt 0.26438549160957 0.83366972208023 0
vt 0.25986889004707 0.83761990070343 0
vt 0.25529500842094 0.88855230808258 0
vt 0.351372808218 0.77878701686859 0
vt 0.34685608744621 0.78273737430573 0
vt 0.34228220582008 0.83366972208023 0
vt 0.44572478532791 0.72136074304581 0
vt 0.44120788574219 0.72531092166901 0
vt 0.43663659691811 0.77637112140656 0
vt 0.08106327056885 0.9960498213768 0
vt 0.17282439768314 0.93948459625244 0
vt 0.25981160998344 0.88460206985474 0
vt 0.34679898619652 0.82971942424774 0
vt 0.44115099310875 0.77229309082031 0
vt 0.52819538116455 0.6704283952713 0
vt 0.52362161874771 0.72136074304581 0
vt 0.53271198272705 0.6664782166481 0
vt 0.61969941854477 0.61159551143646 0
vt 0.61518281698227 0.61554569005966 0
vt 0.6106088757515 0.6664782166481 0
vt 0.70668441057205 0.55658513307571 0
vt 0.70217001438141 0.56066310405731 0
vt 0.69759619235992 0.61159551143646 0
vt 0.8010361790657 0.49915874004364 0
vt 0.79651981592178 0.50310903787613 0
vt 0.79194819927216 0.55416923761368 0
vt 0.88802361488342 0.44427609443665 0
vt 0.88350701332092 0.44822633266449 0
vt 0.87893319129944 0.49915874004364 0
vt 0.97049427032471 0.39334380626678 0
vt 0.96592062711716 0.44427609443665 0
vt 0.615125477314 0.66252779960632 0
vt 0.70211297273636 0.60764533281326 0
vt 0.79646247625351 0.55009108781815 0
vt 0.88344979286194 0.4952085018158 0
vt 0.9704372882843 0.44032597541809 0
vt 1.06484603881836 0.33591747283936 0
vt 1.06027495861053 0.3869776725769 0
vt 1.06478905677795 0.38289952278137 0
vt 1.51166200637817 0.05488276481628 0
vt 1.33032298088074 0.16719174385071 0
vt 1.06936299800873 0.33196723461151 0
vt 0.97501087188721 0.38939368724823 0
vt 0.88802361488342 0.44427621364594 0
vt 0.88350701332092 0.44822657108307 0
vt 1.23876404762268 0.27313458919525 0
vt 0.52813822031021 0.71741038560867 0
vt 1.58955895900726 0.05488276481628 0
vt 1.4201580286026 0.11371564865112 0
vt 1.41558599472046 0.16477560997009 0
vt 1.15177702903748 0.32801699638367 0
vt 1.14725995063782 0.33196723461151 0
vt 0.96592038869858 0.44427621364594 0
vt 0 1 0
vt 0.5 0.99995040893555 0
vt 0.00001549720946 0.99995040893555 0
vt 0.5 0 0
vt 0.0000140666998 0 0
vt 0.39063331484795 0.6104764342308 0
vt 0.3831393122673 0.60211712121964 0
vt 0.39063331484795 0 0
vt 0.3831393122673 0.60563141107559 0
vt 0.3831393122673 0 0
vt 0.34984990954399 0.60211712121964 0
vt 0.34984990954399 0 0
vt 0.34984990954399 0.60563141107559 0
vt 0.34068301320076 0.6104764342308 0
vt 0.34068301320076 0 0
vt 0.60206282138824 0.60612642765045 0
vt 0.6124519109726 0.59843909740448 0
vt 0.60041892528534 0.00024914741516 0
vt 0.61278480291367 0.60222584009171 0
vt 0.61047172546387 0.00020158290863 0
vt 0.64576977491379 0.60234713554382 0
vt 0.64615827798843 0.59866583347321 0
vt 0.64302957057953 0.00003325939178 0
vt 0.65501427650452 0.60617631673813 0
vt 0.65165710449219 0 0
vt 1 0.00003051757812 0
vt 0.65930181741714 0 0
vt 0.65930181741714 0.61106109619141 0
vt 0.00004864018047 0.99995231628418 0
vt 0.34831240773201 0.61106109619141 0
vt 0.00003624055898 0.00003051757812 0
vt 0.34832000732422 0 0
vt 0.34088331460953 0.55971342325211 0
vt 0.34592780470848 0.56982684135437 0
vt 0.3495826125145 0.56952118873596 0
vt 0.65248972177505 0.55927819013596 0
vt 0.64412009716034 0.56876319646835 0
vt 0.6476349234581 0.56905102729797 0
vt 0.34914571046829 0.60248428583145 0
vt 0.64437389373779 0.60165703296661 0
vt 0.3456229865551 0.60208374261856 0
vt 0.65315097570419 0.60991668701172 0
vt 0.64802151918411 0.6012356877327 0
vt 0.34068301320076 0.61104583740234 0
vt 0.00004768465078 0.00003051757812 0
vt 0.00005245301872 0.99995291233063 0
vt 0.65165710449219 0.61104583740234 0
vt 0.99998468160629 0.99995297193527 0
vt 0.99998468160629 0.00003051757812 0
vt 0.99996948242188 0.08192443847656 0
vt 0.99996948242188 0.04383850097656 0
vt 0.00005350727952 0.08192443847656 0
vt 0.00003473367906 0.04385375976562 0
vt 0.99996948242188 0 0
vt 0.00005069654071 0.11552429199219 0
vt 0.99996948242188 0.11552429199219 0
vt 0.00005912873894 0.15396118164062 0
vt 0.99996948242188 0.15396118164062 0
vt 0.0000428641215 0.18495178222656 0
vt 0.99996948242188 0.1849365234375 0
vt 0.00003051758176 0.00001525878906 0
vt 0.00003340375042 0.2173615694046 0
vt 0.99996948242188 0.2173615694046 0
vt 0.00004936661935 0.26860058307648 0
vt 0.99996948242188 0.26858520507812 0
vt 0.00004908535993 0.31431579589844 0
vt 0.99996948242188 0.31431579589844 0
vt 0.00003621447831 0.36062622070312 0
vt 0.99996948242188 0.36062622070312 0
vt 0.00005217735088 0.40393078327179 0
vt 0.99996948242188 0.40393078327179 0
vt 0.00003739539898 0.45504760742188 0
vt 0.99996948242188 0.45503234863281 0
vt 0.00005136150867 0.52253723144531 0
vt 0.99996948242188 0.52252960205078 0
vt 0.00003671738887 0.58384698629379 0
vt 0.99996948242188 0.58383941650391 0
vt 0.00003252271927 0.64662170410156 0
vt 0.99996948242188 0.64661413431168 0
vt 0.00003155786908 0.71897131204605 0
vt 0.99996948242188 0.71896362304688 0
vt 0.00005151052028 0.80346298217773 0
vt 0.99996948242188 0.80345541238785 0
vt 0.00003473367906 0.88022798299789 0
vt 0.99996948242188 0.88022232055664 0
vt 0.00003972183913 0.93598747253418 0
vt 0.99996948242188 0.93598181009293 0
vt 0.00004637334132 0.99996948242188 0
vt 1 0.99994242191315 0
vt 0.54627841711044 0.744380235672 0
vt 0.54627841711044 0.74745053052902 0
vt 0.00417000288144 0.74305063486099 0
vt 0.00417000288144 0.74612081050873 0
vt 0.54627841711044 0.78491163253784 0
vt 0.00417000288144 0.78358179330826 0
vt 0.54627841711044 0.71545433998108 0
vt 0.54627841711044 0.71857368946075 0
vt 0.00417000288144 0.71412473917007 0
vt 0.00417000288144 0.7172440290451 0
vt 0.00417000288144 0.67309921979904 0
vt 0.54627841711044 0.67442870140076 0
vt 0.00417000288144 0.66997981071472 0
vt 0.54627841711044 0.67130941152573 0
vt 0.54627841711044 0.53185313940048 0
vt 0.54627841711044 0.53492319583893 0
vt 0.00417000288144 0.53180414438248 0
vt 0.00417000288144 0.53487420082092 0
vt 0.54627841711044 0.57302463054657 0
vt 0.00417000288144 0.57169532775879 0
vt 0.54627841711044 0.57609468698502 0
vt 0.00417000288144 0.57476550340652 0
vt 0.54627841711044 0.5029764175415 0
vt 0.54627841711044 0.50604653358459 0
vt 0.00417000288144 0.5029274225235 0
vt 0.00417000288144 0.50599753856659 0
vt 0.54627841711044 0.60190123319626 0
vt 0.54627841711044 0.60497140884399 0
vt 0.00417000288144 0.60057193040848 0
vt 0.00417000288144 0.60364198684692 0
vt 0.54627841711044 0.64243268966675 0
vt 0.00417000288144 0.64110320806503 0
vt 0.54627841711044 0.64550268650055 0
vt 0.00417000288144 0.64417344331741 0
vt 0.54627841711044 0.78798180818558 0
vt 0.00417000288144 0.78665190935135 0
vt 0.54627841711044 0.9526047706604 0
vt 0.54627841711044 0.95572417974472 0
vt 0.00417000288144 0.95127427577972 0
vt 0.00417000288144 0.9543936252594 0
vt 0.54627841711044 0.99610912799835 0
vt 0.00417000288144 0.99606001377106 0
vt 0.54627841711044 0.92372810840607 0
vt 0.54627841711044 0.92679840326309 0
vt 0.00417000288144 0.92239773273468 0
vt 0.00417000288144 0.88493651151657 0
vt 0.00417000288144 0.92546778917313 0
vt 0.54627841711044 0.88626682758331 0
vt 0.00417000288144 0.88186633586884 0
vt 0.54627841711044 0.88319647312164 0
vt 0.00417000288144 0.85606002807617 0
vt 0.54627841711044 0.8543199300766 0
vt 0.54627841711044 0.85739004611969 0
vt 0.00417000288144 0.85298991203308 0
vt 0.00417000288144 0.81552863121033 0
vt 0.54627841711044 0.81685864925385 0
vt 0.00417000288144 0.81245839595795 0
vt 0.54627841711044 0.81378841400146 0
vt 0.12918980419636 0.67459481954575 0
vt 0.13936530053616 0.66422241926193 0
vt 0.12561950087547 0.67403084039688 0
vt 0.13579499721527 0.66365832090378 0
vt 0.10733000189066 0.63857501745224 0
vt 0.11090029776096 0.63913911581039 0
vt 0.10011640191078 0.69988518953323 0
vt 0.08182676881552 0.66442918777466 0
vt 0.15765489637852 0.69967824220657 0
vt 0.15408450365067 0.69911402463913 0
vt 0.1685595959425 0.63718473911285 0
vt 0.18684910237789 0.67264044284821 0
vt 0.19709150493145 0.66233551502228 0
vt 0.17219670116901 0.6378161907196 0
vt 0.20066179335117 0.6628994345665 0
vt 0.19048629701138 0.67327213287354 0
vt 0.2189514040947 0.69835531711578 0
vt 0.21538110077381 0.69779121875763 0
vt 0.22616490721703 0.63704520463943 0
vt 0.24445450305939 0.67250102758408 0
vt 0.25462990999222 0.66212838888168 0
vt 0.22973519563675 0.63760942220688 0
vt 0.25820028781891 0.66269242763519 0
vt 0.24802480638027 0.67306500673294 0
vt 0.27648991346359 0.69814831018448 0
vt 0.27291959524155 0.69758421182632 0
vt 0.2837033867836 0.63683819770813 0
vt 0.30199310183525 0.67229390144348 0
vt 0.31216850876808 0.66192144155502 0
vt 0.28727370500565 0.63740241527557 0
vt 0.31573879718781 0.66248553991318 0
vt 0.30556330084801 0.67285799980164 0
vt 0.33402839303017 0.69794124364853 0
vt 0.33045798540115 0.69737708568573 0
vt 0.3412418961525 0.63663130998611 0
vt 0.35953149199486 0.67208689451218 0
vt 0.36970698833466 0.66171443462372 0
vt 0.34481221437454 0.63719528913498 0
vt 0.37334421277046 0.66234600543976 0
vt 0.3631018102169 0.67265093326569 0
vt 0.39163380861282 0.6978018283844 0
vt 0.38799649477005 0.69717013835907 0
vt 0.4025385081768 0.63530850410461 0
vt 0.42082789540291 0.67076408863068 0
vt 0.43107038736343 0.66045922040939 0
vt 0.40617561340332 0.63594001531601 0
vt 0.43464070558548 0.66102319955826 0
vt 0.42446520924568 0.67139571905136 0
vt 0.45293021202087 0.6964790225029 0
vt 0.44935989379883 0.69591504335403 0
vt 0.46014368534088 0.63516891002655 0
vt 0.47843331098557 0.67062473297119 0
vt 0.48860880732536 0.6602520942688 0
vt 0.46371421217918 0.63573288917542 0
vt 0.49217918515205 0.66081619262695 0
vt 0.48200368881226 0.67118871212006 0
vt 0.51046872138977 0.6962718963623 0
vt 0.50689840316772 0.69570803642273 0
vt 0.51768231391907 0.63496202230453 0
vt 0.53597182035446 0.67041772603989 0
vt 0.54614728689194 0.66004508733749 0
vt 0.52125269174576 0.63552612066269 0
vt 0.54971772432327 0.66060918569565 0
vt 0.53954231739044 0.67098182439804 0
vt 0.07825656235218 0.66386532783508 0
vt 0.06808097660542 0.67423778772354 0
vt 0.07165128737688 0.6748018860817 0
vt 0.09654612094164 0.69932103157043 0
vt 0.04979147017002 0.63878214359283 0
vt 0.05336179956794 0.63934600353241 0
vt 0.04257789999247 0.70009213685989 0
vt 0.02428833954036 0.66463631391525 0
vt 0.01411287020892 0.675008893013 0
vt 0.03900758177042 0.69952803850174 0
vt 0.01047564018518 0.67437732219696 0
vt 0.02071806974709 0.66407233476639 0
vt 0.52125281095505 0.63552623987198 0
vt 0.51761549711227 0.634894490242 0
vt 0.54614752531052 0.66004532575607 0
vt 0.53590500354767 0.67035031318665 0
vt 0.50671082735062 0.69738793373108 0
vt 0.48842120170593 0.66193222999573 0
vt 0.47817888855934 0.6722372174263 0
vt 0.50307357311249 0.69675624370575 0
vt 0.47460851073265 0.67167294025421 0
vt 0.48478400707245 0.6613005399704 0
vt 0.45631891489029 0.63621741533279 0
vt 0.45988929271698 0.63678139448166 0
vt 0.44910541176796 0.69752740859985 0
vt 0.43081578612328 0.66207158565521 0
vt 0.42064028978348 0.6724442243576 0
vt 0.44553500413895 0.69696319103241 0
vt 0.41706991195679 0.67187988758087 0
vt 0.42724558711052 0.66150760650635 0
vt 0.39878040552139 0.6364244222641 0
vt 0.40235081315041 0.63698840141296 0
vt 0.39156699180603 0.69773441553116 0
vt 0.37327739596367 0.66227859258652 0
vt 0.36310189962387 0.67265123128891 0
vt 0.38799661397934 0.697170317173 0
vt 0.35953149199486 0.67208701372147 0
vt 0.36970698833466 0.66171461343765 0
vt 0.34124198555946 0.6366314291954 0
vt 0.34481230378151 0.63719552755356 0
vt 0.33402839303017 0.69794142246246 0
vt 0.31573888659477 0.66248559951782 0
vt 0.30556330084801 0.67285823822021 0
vt 0.33045798540115 0.69737732410431 0
vt 0.30192619562149 0.67222660779953 0
vt 0.31216850876808 0.66192162036896 0
vt 0.28363651037216 0.63677084445953 0
vt 0.2872739136219 0.63740253448486 0
vt 0.27273190021515 0.69926422834396 0
vt 0.25444230437279 0.66380840539932 0
vt 0.24426679313183 0.67418092489243 0
vt 0.26916161179543 0.69870012998581 0
vt 0.2406965047121 0.67361682653427 0
vt 0.25087210536003 0.66324442625046 0
vt 0.22240699827671 0.63816112279892 0
vt 0.2259773015976 0.63872522115707 0
vt 0.21519340574741 0.69947129487991 0
vt 0.19690389931202 0.66401541233063 0
vt 0.18672840297222 0.67438793182373 0
vt 0.21162310242653 0.69890713691711 0
vt 0.18315799534321 0.67382383346558 0
vt 0.19333350658417 0.66345143318176 0
vt 0.16486839950085 0.63836812973022 0
vt 0.16843880712986 0.63893222808838 0
vt 0.13936540484428 0.66422241926193 0
vt 0.12918980419636 0.67459493875504 0
vt 0.15408469736576 0.69911414384842 0
vt 0.12555259466171 0.67396330833435 0
vt 0.1357951015234 0.66365844011307 0
vt 0.10726319998503 0.638507604599 0
vt 0.09635841101408 0.70100110769272 0
vt 0.07806895673275 0.66554522514343 0
vt 0.06919760257006 0.67550772428513 0
vt 0.09272117912769 0.70036941766739 0
vt 0.06562733650208 0.67494368553162 0
vt 0.07443161308765 0.66491371393204 0
vt 0.04733777046204 0.63948780298233 0
vt 0.0509081594646 0.64005190134048 0
vt 0.05034906044602 0.69043231010437 0
vt 0.02335295081139 0.66380304098129 0
# 446 texture coordinates

o Default
usemtl floor_B
f 348/1/1 1337/2/1 139/3/1
f 139/3/1 1337/2/1 1/4/1
f 18/1/1 848/2/1 1337/3/1
f 1337/3/1 848/2/1 944/4/1
f 343/1/1 18/2/1 348/3/1
f 348/3/1 18/2/1 1337/4/1
f 139/1/1 1/2/1 1379/3/1
f 1379/3/1 1/2/1 1410/4/1

usemtl plaster_A
f 12/5/2 3/6/2 2/7/2
f 2/7/2 3/6/2 4/8/2
f 14/9/3 13/10/3 15/11/3
f 15/11/3 13/10/3 16/12/3
f 6/13/4 5/14/4 17/15/4
f 17/15/4 5/14/4 7/16/4
f 9/17/5 8/18/5 10/19/5
f 10/19/5 8/18/5 11/20/5
f 11/20/6 3/6/6 10/19/6
f 10/19/6 3/6/6 12/5/6
f 4/8/7 13/10/7 2/7/7
f 2/7/7 13/10/7 14/9/7
f 16/12/8 5/14/8 15/11/8
f 15/11/8 5/14/8 6/13/8
f 7/16/9 8/21/9 17/15/9
f 17/15/9 8/21/9 9/22/9
f 22/5/2 21/6/2 30/7/2
f 30/7/2 21/6/2 31/8/2
f 32/9/10 23/10/10 33/11/10
f 33/11/10 23/10/10 24/12/10
f 875/13/4 26/14/4 25/15/4
f 25/15/4 26/14/4 35/16/4
f 28/17/1 34/18/1 27/19/1
f 27/19/1 34/18/1 29/20/1
f 29/20/11 21/6/11 27/19/11
f 27/19/11 21/6/11 22/5/11
f 31/8/12 23/10/12 30/7/12
f 30/7/12 23/10/12 32/9/12
f 24/12/13 26/14/13 33/11/13
f 33/11/13 26/14/13 875/13/13
f 35/16/14 34/21/14 25/15/14
f 25/15/14 34/21/14 28/22/14
f 36/25/15 52/26/15 40/27/15
f 37/28/10 46/29/10 43/30/10
f 43/30/10 46/29/10 42/31/10
f 44/32/16 41/33/16 49/34/16
f 49/34/16 41/33/16 51/35/16
f 47/36/17 45/37/17 48/38/17
f 48/38/17 45/37/17 38/39/17
f 36/5/18 39/40/18 52/41/18
f 52/41/18 39/40/18 38/42/18
f 53/43/19 45/37/19 46/29/19
f 53/43/20 46/29/20 40/44/20
f 40/44/20 46/29/20 37/28/20
f 45/45/21 53/46/21 38/47/21
f 42/31/22 47/36/22 41/48/22
f 44/49/23 43/30/23 41/48/23
f 41/48/23 43/30/23 42/31/23
f 46/29/24 45/37/24 42/31/24
f 42/31/24 45/37/24 47/36/24
f 51/50/25 48/51/25 49/17/25
f 49/17/25 48/51/25 50/52/25
f 48/53/26 51/35/26 47/54/26
f 47/54/26 51/35/26 41/33/26
f 40/27/15 52/26/15 53/46/15
f 38/47/21 53/46/21 52/26/21
f 62/5/2 60/6/2 63/7/2
f 63/7/2 60/6/2 65/8/2
f 332/9/10 64/10/10 340/11/10
f 340/11/10 64/10/10 67/12/10
f 68/13/4 66/14/4 342/15/4
f 342/15/4 66/14/4 70/16/4
f 71/17/1 69/18/1 336/19/1
f 336/19/1 69/18/1 61/20/1
f 61/20/11 60/6/11 336/19/11
f 336/19/11 60/6/11 62/5/11
f 65/8/12 64/10/12 63/7/12
f 63/7/12 64/10/12 332/9/12
f 67/12/13 66/14/13 340/11/13
f 340/11/13 66/14/13 68/13/13
f 70/16/14 69/21/14 342/15/14
f 342/15/14 69/21/14 71/22/14
f 142/25/15 141/26/15 158/27/15
f 149/28/10 148/29/10 143/30/10
f 143/30/10 148/29/10 152/31/10
f 151/32/16 145/33/16 144/34/16
f 144/34/16 145/33/16 146/35/16
f 154/36/17 153/37/17 156/38/17
f 156/38/17 153/37/17 150/39/17
f 142/5/18 147/40/18 141/41/18
f 141/41/18 147/40/18 150/42/18
f 157/43/19 153/37/19 148/29/19
f 157/43/20 148/29/20 158/44/20
f 158/44/20 148/29/20 149/28/20
f 153/45/21 157/46/21 150/47/21
f 152/31/22 154/36/22 145/48/22
f 151/49/23 143/30/23 145/48/23
f 145/48/23 143/30/23 152/31/23
f 148/29/24 153/37/24 152/31/24
f 152/31/24 153/37/24 154/36/24
f 146/50/25 156/51/25 144/17/25
f 144/17/25 156/51/25 155/52/25
f 156/53/26 146/35/26 154/54/26
f 154/54/26 146/35/26 145/33/26
f 158/27/15 141/26/15 157/46/15
f 150/47/21 157/46/21 141/26/21
f 159/5/2 165/6/2 986/7/2
f 986/7/2 165/6/2 167/8/2
f 168/9/10 160/10/10 169/11/10
f 169/11/10 160/10/10 161/12/10
f 995/13/4 162/14/4 988/15/4
f 988/15/4 162/14/4 163/16/4
f 990/17/1 164/18/1 992/19/1
f 992/19/1 164/18/1 166/20/1
f 166/20/11 165/6/11 992/19/11
f 992/19/11 165/6/11 159/5/11
f 167/8/12 160/10/12 986/7/12
f 986/7/12 160/10/12 168/9/12
f 161/12/13 162/14/13 169/11/13
f 169/11/13 162/14/13 995/13/13
f 163/16/14 164/21/14 988/15/14
f 988/15/14 164/21/14 990/22/14
f 173/5/11 172/6/11 174/7/11
f 174/7/11 172/6/11 176/8/11
f 177/9/14 175/10/14 178/11/14
f 178/11/14 175/10/14 170/12/14
f 179/13/13 269/14/13 180/15/13
f 180/15/13 269/14/13 270/16/13
f 181/17/12 271/18/12 171/19/12
f 171/19/12 271/18/12 265/20/12
f 265/20/27 172/6/27 171/19/27
f 171/19/27 172/6/27 173/5/27
f 176/8/1 175/10/1 174/7/1
f 174/7/1 175/10/1 177/9/1
f 170/12/28 269/14/28 178/11/28
f 178/11/28 269/14/28 179/13/28
f 270/16/10 271/21/10 180/15/10
f 180/15/10 271/21/10 181/22/10
f 182/1/10 310/2/10 352/3/10
f 352/3/10 310/2/10 349/4/10
f 185/1/10 184/2/10 183/3/10
f 183/3/10 184/2/10 847/4/10
f 20/1/10 186/2/10 85/3/10
f 85/3/10 186/2/10 290/4/10
f 188/5/2 187/6/2 193/7/2
f 193/7/2 187/6/2 195/8/2
f 196/9/3 194/10/3 197/11/3
f 197/11/3 194/10/3 199/12/3
f 200/13/4 198/14/4 189/15/4
f 189/15/4 198/14/4 190/16/4
f 202/17/5 201/18/5 191/19/5
f 191/19/5 201/18/5 192/20/5
f 192/20/6 187/6/6 191/19/6
f 191/19/6 187/6/6 188/5/6
f 195/8/7 194/10/7 193/7/7
f 193/7/7 194/10/7 196/9/7
f 199/12/8 198/14/8 197/11/8
f 197/11/8 198/14/8 200/13/8
f 190/16/9 201/21/9 189/15/9
f 189/15/9 201/21/9 202/22/9
f 209/5/11 1403/6/11 203/7/11
f 203/7/11 1403/6/11 1404/8/11
f 210/9/14 1406/10/14 204/11/14
f 204/11/14 1406/10/14 1407/12/14
f 212/13/13 211/14/13 205/15/13
f 205/15/13 211/14/13 1397/16/13
f 207/17/12 1400/18/12 206/19/12
f 206/19/12 1400/18/12 208/20/12
f 208/20/27 1403/6/27 206/19/27
f 206/19/27 1403/6/27 209/5/27
f 1404/8/1 1406/10/1 203/7/1
f 203/7/1 1406/10/1 210/9/1
f 1407/12/28 211/14/28 204/11/28
f 204/11/28 211/14/28 212/13/28
f 1397/16/10 1400/21/10 205/15/10
f 205/15/10 1400/21/10 207/22/10
f 243/1/10 185/2/10 242/3/10
f 242/3/10 185/2/10 183/4/10
f 254/5/2 244/6/2 255/7/2
f 255/7/2 244/6/2 245/8/2
f 248/9/3 247/10/3 246/11/3
f 246/11/3 247/10/3 257/12/3
f 258/13/4 256/14/4 249/15/4
f 249/15/4 256/14/4 259/16/4
f 251/17/5 250/18/5 253/19/5
f 253/19/5 250/18/5 252/20/5
f 252/20/6 244/6/6 253/19/6
f 253/19/6 244/6/6 254/5/6
f 245/8/7 247/10/7 255/7/7
f 255/7/7 247/10/7 248/9/7
f 257/12/8 256/14/8 246/11/8
f 246/11/8 256/14/8 258/13/8
f 259/16/9 250/21/9 249/15/9
f 249/15/9 250/21/9 251/22/9
f 172/5/11 260/6/11 176/7/11
f 176/7/11 260/6/11 261/8/11
f 175/9/14 262/10/14 170/11/14
f 170/11/14 262/10/14 268/12/14
f 269/13/13 267/14/13 270/15/13
f 270/15/13 267/14/13 263/16/13
f 271/17/12 264/18/12 265/19/12
f 265/19/12 264/18/12 266/20/12
f 266/20/27 260/6/27 265/19/27
f 265/19/27 260/6/27 172/5/27
f 261/8/1 262/10/1 176/7/1
f 176/7/1 262/10/1 175/9/1
f 268/12/28 267/14/28 170/11/28
f 170/11/28 267/14/28 269/13/28
f 263/16/10 264/21/10 270/15/10
f 270/15/10 264/21/10 271/22/10
f 273/5/2 272/6/2 286/7/2
f 286/7/2 272/6/2 274/8/2
f 277/9/3 276/10/3 275/11/3
f 275/11/3 276/10/3 278/12/3
f 280/13/4 287/14/4 279/15/4
f 279/15/4 287/14/4 281/16/4
f 284/17/5 283/18/5 282/19/5
f 282/19/5 283/18/5 285/20/5
f 285/20/6 272/6/6 282/19/6
f 282/19/6 272/6/6 273/5/6
f 274/8/7 276/10/7 286/7/7
f 286/7/7 276/10/7 277/9/7
f 278/12/8 287/14/8 275/11/8
f 275/11/8 287/14/8 280/13/8
f 281/16/9 283/21/9 279/15/9
f 279/15/9 283/21/9 284/22/9
f 292/25/15 291/26/15 307/27/15
f 293/28/10 302/29/10 300/30/10
f 300/30/10 302/29/10 301/31/10
f 295/32/16 306/33/16 294/34/16
f 294/34/16 306/33/16 304/35/16
f 303/36/17 297/37/17 296/38/17
f 296/38/17 297/37/17 298/39/17
f 292/5/18 299/40/18 291/41/18
f 291/41/18 299/40/18 298/42/18
f 308/43/19 297/37/19 302/29/19
f 308/43/20 302/29/20 307/44/20
f 307/44/20 302/29/20 293/28/20
f 297/45/21 308/46/21 298/47/21
f 301/31/22 303/36/22 306/48/22
f 295/49/23 300/30/23 306/48/23
f 306/48/23 300/30/23 301/31/23
f 302/29/24 297/37/24 301/31/24
f 301/31/24 297/37/24 303/36/24
f 304/50/25 296/51/25 294/17/25
f 294/17/25 296/51/25 305/52/25
f 296/53/26 304/35/26 303/54/26
f 303/54/26 304/35/26 306/33/26
f 307/27/15 291/26/15 308/46/15
f 298/47/21 308/46/21 291/26/21
f 311/1/10 1028/2/10 1380/3/10
f 1380/3/10 1028/2/10 809/4/10
f 319/25/16 317/26/16 330/27/16
f 322/28/27 320/29/27 313/30/27
f 313/30/27 320/29/27 326/31/27
f 325/32/15 329/33/15 314/34/15
f 314/34/15 329/33/15 315/35/15
f 324/36/53 323/37/53 327/38/53
f 327/38/53 323/37/53 316/39/53
f 319/5/9 318/40/9 317/41/9
f 317/41/9 318/40/9 316/42/9
f 321/43/54 323/37/54 320/29/54
f 321/43/6 320/29/6 330/44/6
f 330/44/6 320/29/6 322/28/6
f 323/45/55 321/46/55 316/47/55
f 326/31/56 324/36/56 329/48/56
f 325/49/7 313/30/7 329/48/7
f 329/48/7 313/30/7 326/31/7
f 320/29/57 323/37/57 326/31/57
f 326/31/57 323/37/57 324/36/57
f 315/50/8 327/51/8 314/17/8
f 314/17/8 327/51/8 328/52/8
f 327/53/58 315/35/58 324/54/58
f 324/54/58 315/35/58 329/33/58
f 330/27/16 317/26/16 321/46/16
f 316/47/55 321/46/55 317/26/55
f 331/5/2 62/6/2 337/7/2
f 337/7/2 62/6/2 63/8/2
f 338/9/10 332/10/10 339/11/10
f 339/11/10 332/10/10 340/12/10
f 333/13/4 68/14/4 341/15/4
f 341/15/4 68/14/4 342/16/4
f 335/17/1 71/18/1 334/19/1
f 334/19/1 71/18/1 336/20/1
f 336/20/11 62/6/11 334/19/11
f 334/19/11 62/6/11 331/5/11
f 63/8/12 332/10/12 337/7/12
f 337/7/12 332/10/12 338/9/12
f 340/12/13 68/14/13 339/11/13
f 339/11/13 68/14/13 333/13/13
f 342/16/14 71/21/14 341/15/14
f 341/15/14 71/21/14 335/22/14
f 1028/1/10 485/2/10 809/3/10
f 809/3/10 485/2/10 1339/4/10
f 361/5/2 353/6/2 362/7/2
f 362/7/2 353/6/2 363/8/2
f 364/9/3 355/10/3 354/11/3
f 354/11/3 355/10/3 356/12/3
f 366/13/4 365/14/4 357/15/4
f 357/15/4 365/14/4 368/16/4
f 358/17/5 367/18/5 359/19/5
f 359/19/5 367/18/5 360/20/5
f 360/20/6 353/6/6 359/19/6
f 359/19/6 353/6/6 361/5/6
f 363/8/7 355/10/7 362/7/7
f 362/7/7 355/10/7 364/9/7
f 356/12/8 365/14/8 354/11/8
f 354/11/8 365/14/8 366/13/8
f 368/16/9 367/21/9 357/15/9
f 357/15/9 367/21/9 358/22/9
f 377/25/16 375/26/16 386/27/16
f 370/28/27 378/29/27 369/30/27
f 369/30/27 378/29/27 380/31/27
f 372/32/15 385/33/15 371/34/15
f 371/34/15 385/33/15 381/35/15
f 384/36/53 374/37/53 382/38/53
f 382/38/53 374/37/53 373/39/53
f 377/5/9 376/40/9 375/41/9
f 375/41/9 376/40/9 373/42/9
f 379/43/54 374/37/54 378/29/54
f 379/43/6 378/29/6 386/44/6
f 386/44/6 378/29/6 370/28/6
f 374/45/55 379/46/55 373/47/55
f 380/31/56 384/36/56 385/48/56
f 372/49/7 369/30/7 385/48/7
f 385/48/7 369/30/7 380/31/7
f 378/29/57 374/37/57 380/31/57
f 380/31/57 374/37/57 384/36/57
f 381/50/8 382/51/8 371/17/8
f 371/17/8 382/51/8 383/52/8
f 382/53/58 381/35/58 384/54/58
f 384/54/58 381/35/58 385/33/58
f 386/27/16 375/26/16 379/46/16
f 373/47/55 379/46/55 375/26/55
f 395/5/2 389/6/2 396/7/2
f 396/7/2 389/6/2 398/8/2
f 399/9/3 397/10/3 400/11/3
f 400/11/3 397/10/3 402/12/3
f 391/13/4 401/14/4 390/15/4
f 390/15/4 401/14/4 392/16/4
f 404/17/5 403/18/5 393/19/5
f 393/19/5 403/18/5 394/20/5
f 394/20/6 389/6/6 393/19/6
f 393/19/6 389/6/6 395/5/6
f 398/8/7 397/10/7 396/7/7
f 396/7/7 397/10/7 399/9/7
f 402/12/8 401/14/8 400/11/8
f 400/11/8 401/14/8 391/13/8
f 392/16/9 403/21/9 390/15/9
f 390/15/9 403/21/9 404/22/9
f 406/25/15 422/26/15 405/27/15
f 414/28/10 413/29/10 407/30/10
f 407/30/10 413/29/10 408/31/10
f 409/32/16 421/33/16 418/34/16
f 418/34/16 421/33/16 420/35/16
f 416/36/17 411/37/17 417/38/17
f 417/38/17 411/37/17 410/39/17
f 406/5/18 412/40/18 422/41/18
f 422/41/18 412/40/18 410/42/18
f 415/43/19 411/37/19 413/29/19
f 415/43/20 413/29/20 405/44/20
f 405/44/20 413/29/20 414/28/20
f 411/45/21 415/46/21 410/47/21
f 408/31/22 416/36/22 421/48/22
f 409/49/23 407/30/23 421/48/23
f 421/48/23 407/30/23 408/31/23
f 413/29/24 411/37/24 408/31/24
f 408/31/24 411/37/24 416/36/24
f 420/50/25 417/51/25 418/17/25
f 418/17/25 417/51/25 419/52/25
f 417/53/26 420/35/26 416/54/26
f 416/54/26 420/35/26 421/33/26
f 405/27/15 422/26/15 415/46/15
f 410/47/21 415/46/21 422/26/21
f 487/5/2 486/6/2 493/7/2
f 493/7/2 486/6/2 495/8/2
f 496/9/3 494/10/3 497/11/3
f 497/11/3 494/10/3 488/12/3
f 490/13/4 489/14/4 498/15/4
f 498/15/4 489/14/4 500/16/4
f 501/17/5 499/18/5 491/19/5
f 491/19/5 499/18/5 492/20/5
f 492/20/6 486/6/6 491/19/6
f 491/19/6 486/6/6 487/5/6
f 495/8/7 494/10/7 493/7/7
f 493/7/7 494/10/7 496/9/7
f 488/12/8 489/14/8 497/11/8
f 497/11/8 489/14/8 490/13/8
f 500/16/9 499/21/9 498/15/9
f 498/15/9 499/21/9 501/22/9
f 512/25/15 519/26/15 503/27/15
f 505/28/10 515/29/10 504/30/10
f 504/30/10 515/29/10 506/31/10
f 508/32/16 518/33/16 507/34/16
f 507/34/16 518/33/16 517/35/16
f 510/36/17 514/37/17 509/38/17
f 509/38/17 514/37/17 513/39/17
f 512/5/18 511/40/18 519/41/18
f 519/41/18 511/40/18 513/42/18
f 520/43/19 514/37/19 515/29/19
f 520/43/20 515/29/20 503/44/20
f 503/44/20 515/29/20 505/28/20
f 514/45/21 520/46/21 513/47/21
f 506/31/22 510/36/22 518/48/22
f 508/49/23 504/30/23 518/48/23
f 518/48/23 504/30/23 506/31/23
f 515/29/24 514/37/24 506/31/24
f 506/31/24 514/37/24 510/36/24
f 517/50/25 509/51/25 507/17/25
f 507/17/25 509/51/25 516/52/25
f 509/53/26 517/35/26 510/54/26
f 510/54/26 517/35/26 518/33/26
f 503/27/15 519/26/15 520/46/15
f 513/47/21 520/46/21 519/26/21
f 19/1/10 20/2/10 810/3/10
f 810/3/10 20/2/10 85/4/10
f 822/5/2 820/6/2 823/7/2
f 823/7/2 820/6/2 824/8/2
f 825/9/3 815/10/3 826/11/3
f 826/11/3 815/10/3 816/12/3
f 828/13/4 827/14/4 817/15/4
f 817/15/4 827/14/4 818/16/4
f 830/17/5 829/18/5 819/19/5
f 819/19/5 829/18/5 821/20/5
f 821/20/6 820/6/6 819/19/6
f 819/19/6 820/6/6 822/5/6
f 824/8/7 815/10/7 823/7/7
f 823/7/7 815/10/7 825/9/7
f 816/12/8 827/14/8 826/11/8
f 826/11/8 827/14/8 828/13/8
f 818/16/9 829/21/9 817/15/9
f 817/15/9 829/21/9 830/22/9
f 832/5/2 831/6/2 837/7/2
f 837/7/2 831/6/2 839/8/2
f 840/9/3 838/10/3 841/11/3
f 841/11/3 838/10/3 843/12/3
f 844/13/4 842/14/4 845/15/4
f 845/15/4 842/14/4 846/16/4
f 835/17/5 834/18/5 833/19/5
f 833/19/5 834/18/5 836/20/5
f 836/20/6 831/6/6 833/19/6
f 833/19/6 831/6/6 832/5/6
f 839/8/7 838/10/7 837/7/7
f 837/7/7 838/10/7 840/9/7
f 843/12/8 842/14/8 841/11/8
f 841/11/8 842/14/8 844/13/8
f 846/16/9 834/21/9 845/15/9
f 845/15/9 834/21/9 835/22/9
f 850/25/15 849/26/15 857/27/15
f 858/28/10 860/29/10 851/30/10
f 851/30/10 860/29/10 852/31/10
f 854/32/16 853/33/16 862/34/16
f 862/34/16 853/33/16 863/35/16
f 855/36/17 859/37/17 861/38/17
f 861/38/17 859/37/17 866/39/17
f 850/5/18 856/40/18 849/41/18
f 849/41/18 856/40/18 866/42/18
f 865/43/19 859/37/19 860/29/19
f 865/43/20 860/29/20 857/44/20
f 857/44/20 860/29/20 858/28/20
f 859/45/21 865/46/21 866/47/21
f 852/31/22 855/36/22 853/48/22
f 854/49/23 851/30/23 853/48/23
f 853/48/23 851/30/23 852/31/23
f 860/29/24 859/37/24 852/31/24
f 852/31/24 859/37/24 855/36/24
f 863/50/25 861/51/25 862/17/25
f 862/17/25 861/51/25 864/52/25
f 861/53/26 863/35/26 855/54/26
f 855/54/26 863/35/26 853/33/26
f 857/27/15 849/26/15 865/46/15
f 866/47/21 865/46/21 849/26/21
f 868/5/2 22/6/2 874/7/2
f 874/7/2 22/6/2 30/8/2
f 870/9/10 32/10/10 869/11/10
f 869/11/10 32/10/10 33/12/10
f 876/13/4 875/14/4 871/15/4
f 871/15/4 875/14/4 25/16/4
f 873/17/1 28/18/1 872/19/1
f 872/19/1 28/18/1 27/20/1
f 27/20/11 22/6/11 872/19/11
f 872/19/11 22/6/11 868/5/11
f 30/8/12 32/10/12 874/7/12
f 874/7/12 32/10/12 870/9/12
f 33/12/13 875/14/13 869/11/13
f 869/11/13 875/14/13 876/13/13
f 25/16/14 28/21/14 871/15/14
f 871/15/14 28/21/14 873/22/14
f 969/5/2 977/6/2 979/7/2
f 979/7/2 977/6/2 970/8/2
f 972/9/3 971/10/3 980/11/3
f 980/11/3 971/10/3 973/12/3
f 982/13/4 981/14/4 974/15/4
f 974/15/4 981/14/4 984/16/4
f 976/17/5 983/18/5 975/19/5
f 975/19/5 983/18/5 978/20/5
f 978/20/6 977/6/6 975/19/6
f 975/19/6 977/6/6 969/5/6
f 970/8/7 971/10/7 979/7/7
f 979/7/7 971/10/7 972/9/7
f 973/12/8 981/14/8 980/11/8
f 980/11/8 981/14/8 982/13/8
f 984/16/9 983/21/9 974/15/9
f 974/15/9 983/21/9 976/22/9
f 985/5/2 159/6/2 993/7/2
f 993/7/2 159/6/2 986/8/2
f 994/9/10 168/10/10 987/11/10
f 987/11/10 168/10/10 169/12/10
f 996/13/4 995/14/4 997/15/4
f 997/15/4 995/14/4 988/16/4
f 991/17/1 990/18/1 989/19/1
f 989/19/1 990/18/1 992/20/1
f 992/20/11 159/6/11 989/19/11
f 989/19/11 159/6/11 985/5/11
f 986/8/12 168/10/12 993/7/12
f 993/7/12 168/10/12 994/9/12
f 169/12/13 995/14/13 987/11/13
f 987/11/13 995/14/13 996/13/13
f 988/16/14 990/21/14 997/15/14
f 997/15/14 990/21/14 991/22/14
f 1029/1/10 182/2/10 227/3/10
f 227/3/10 182/2/10 352/4/10
f 1031/25/16 1047/26/16 1030/27/16
f 1040/28/27 1032/29/27 1042/30/27
f 1042/30/27 1032/29/27 1043/31/27
f 1034/32/15 1041/33/15 1033/34/15
f 1033/34/15 1041/33/15 1035/35/15
f 1044/36/53 1036/37/53 1045/38/53
f 1045/38/53 1036/37/53 1038/39/53
f 1031/5/9 1037/40/9 1047/41/9
f 1047/41/9 1037/40/9 1038/42/9
f 1039/43/54 1036/37/54 1032/29/54
f 1039/43/6 1032/29/6 1030/44/6
f 1030/44/6 1032/29/6 1040/28/6
f 1036/45/55 1039/46/55 1038/47/55
f 1043/31/56 1044/36/56 1041/48/56
f 1034/49/7 1042/30/7 1041/48/7
f 1041/48/7 1042/30/7 1043/31/7
f 1032/29/57 1036/37/57 1043/31/57
f 1043/31/57 1036/37/57 1044/36/57
f 1035/50/8 1045/51/8 1033/17/8
f 1033/17/8 1045/51/8 1046/52/8
f 1045/53/58 1035/35/58 1044/54/58
f 1044/54/58 1035/35/58 1041/33/58
f 1030/27/16 1047/26/16 1039/46/16
f 1038/47/55 1039/46/55 1047/26/55
f 1346/5/2 1351/6/2 1345/7/2
f 1345/7/2 1351/6/2 1347/8/2
f 1354/9/3 1353/10/3 1355/11/3
f 1355/11/3 1353/10/3 1348/12/3
f 1357/13/4 1356/14/4 1349/15/4
f 1349/15/4 1356/14/4 1359/16/4
f 1360/17/5 1358/18/5 1350/19/5
f 1350/19/5 1358/18/5 1352/20/5
f 1352/20/6 1351/6/6 1350/19/6
f 1350/19/6 1351/6/6 1346/5/6
f 1347/8/7 1353/10/7 1345/7/7
f 1345/7/7 1353/10/7 1354/9/7
f 1348/12/8 1356/14/8 1355/11/8
f 1355/11/8 1356/14/8 1357/13/8
f 1359/16/9 1358/21/9 1349/15/9
f 1349/15/9 1358/21/9 1360/22/9
f 1368/5/2 1361/6/2 1369/7/2
f 1369/7/2 1361/6/2 1370/8/2
f 1364/9/3 1363/10/3 1362/11/3
f 1362/11/3 1363/10/3 1365/12/3
f 1372/13/4 1371/14/4 1373/15/4
f 1373/15/4 1371/14/4 1375/16/4
f 1376/17/5 1374/18/5 1366/19/5
f 1366/19/5 1374/18/5 1367/20/5
f 1367/20/6 1361/6/6 1366/19/6
f 1366/19/6 1361/6/6 1368/5/6
f 1370/8/7 1363/10/7 1369/7/7
f 1369/7/7 1363/10/7 1364/9/7
f 1365/12/8 1371/14/8 1362/11/8
f 1362/11/8 1371/14/8 1372/13/8
f 1375/16/9 1374/21/9 1373/15/9
f 1373/15/9 1374/21/9 1376/22/9
f 1403/5/11 1401/6/11 1404/7/11
f 1404/7/11 1401/6/11 1396/8/11
f 1406/9/14 1405/10/14 1407/11/14
f 1407/11/14 1405/10/14 1409/12/14
f 211/13/13 1408/14/13 1397/15/13
f 1397/15/13 1408/14/13 1398/16/13
f 1400/17/12 1399/18/12 208/19/12
f 208/19/12 1399/18/12 1402/20/12
f 1402/20/27 1401/6/27 208/19/27
f 208/19/27 1401/6/27 1403/5/27
f 1396/8/1 1405/10/1 1404/7/1
f 1404/7/1 1405/10/1 1406/9/1
f 1409/12/28 1408/14/28 1407/11/28
f 1407/11/28 1408/14/28 211/13/28
f 1398/16/10 1399/21/10 1397/15/10
f 1397/15/10 1399/21/10 1400/22/10
f 1446/5/2 1417/6/2 1411/7/2
f 1411/7/2 1417/6/2 1420/8/2
f 1413/9/1 1419/10/1 1412/11/1
f 1412/11/1 1419/10/1 1414/12/1
f 1415/13/4 1421/14/4 1452/15/4
f 1452/15/4 1421/14/4 1423/16/4
f 1416/17/10 1422/18/10 1447/19/10
f 1447/19/10 1422/18/10 1418/20/10
f 1418/20/12 1417/6/12 1447/19/12
f 1447/19/12 1417/6/12 1446/5/12
f 1420/8/11 1419/10/11 1411/7/11
f 1411/7/11 1419/10/11 1413/9/11
f 1414/12/14 1421/14/14 1412/11/14
f 1412/11/14 1421/14/14 1415/13/14
f 1423/16/13 1422/21/13 1452/15/13
f 1452/15/13 1422/21/13 1416/22/13
f 1424/25/16 1430/26/16 1433/27/16
f 1425/28/27 1434/29/27 1435/30/27
f 1435/30/27 1434/29/27 1426/31/27
f 1436/32/15 1427/33/15 1437/34/15
f 1437/34/15 1427/33/15 1439/35/15
f 1429/36/53 1432/37/53 1438/38/53
f 1438/38/53 1432/37/53 1428/39/53
f 1424/5/9 1431/40/9 1430/41/9
f 1430/41/9 1431/40/9 1428/42/9
f 1441/43/54 1432/37/54 1434/29/54
f 1441/43/6 1434/29/6 1433/44/6
f 1433/44/6 1434/29/6 1425/28/6
f 1432/45/55 1441/46/55 1428/47/55
f 1426/31/56 1429/36/56 1427/48/56
f 1436/49/7 1435/30/7 1427/48/7
f 1427/48/7 1435/30/7 1426/31/7
f 1434/29/57 1432/37/57 1426/31/57
f 1426/31/57 1432/37/57 1429/36/57
f 1439/50/8 1438/51/8 1437/17/8
f 1437/17/8 1438/51/8 1440/52/8
f 1438/53/58 1439/35/58 1429/54/58
f 1429/54/58 1439/35/58 1427/33/58
f 1433/27/16 1430/26/16 1441/46/16
f 1428/47/55 1441/46/55 1430/26/55
f 1442/5/2 1446/6/2 1448/7/2
f 1448/7/2 1446/6/2 1411/8/2
f 1449/9/1 1413/10/1 1450/11/1
f 1450/11/1 1413/10/1 1412/12/1
f 1443/13/4 1415/14/4 1451/15/4
f 1451/15/4 1415/14/4 1452/16/4
f 1444/17/10 1416/18/10 1445/19/10
f 1445/19/10 1416/18/10 1447/20/10
f 1447/20/12 1446/6/12 1445/19/12
f 1445/19/12 1446/6/12 1442/5/12
f 1411/8/11 1413/10/11 1448/7/11
f 1448/7/11 1413/10/11 1449/9/11
f 1412/12/14 1415/14/14 1450/11/14
f 1450/11/14 1415/14/14 1443/13/14
f 1452/16/13 1416/21/13 1451/15/13
f 1451/15/13 1416/21/13 1444/22/13

usemtl metal_plate_A
f 20/23/2 19/24/2 18/1/2
f 18/1/2 19/24/2 848/2/2
f 79/5/2 73/6/2 72/7/2
f 72/7/2 73/6/2 80/8/2
f 76/9/10 75/10/10 74/11/10
f 74/11/10 75/10/10 81/12/10
f 77/13/4 1392/14/4 82/15/4
f 82/15/4 1392/14/4 1393/16/4
f 83/17/1 1387/18/1 78/19/1
f 78/19/1 1387/18/1 1385/20/1
f 1385/20/11 73/6/11 78/19/11
f 78/19/11 73/6/11 79/5/11
f 80/8/12 75/10/12 72/7/12
f 72/7/12 75/10/12 76/9/12
f 81/12/13 1392/14/13 74/11/13
f 74/11/13 1392/14/13 77/13/13
f 1393/16/14 1387/21/14 82/15/14
f 82/15/14 1387/21/14 83/22/14
f 388/23/2 601/24/2 290/1/2
f 290/1/2 601/24/2 85/2/2
f 814/157/15 1380/158/15 483/159/15
f 483/159/15 1380/158/15 140/160/15
f 186/23/2 20/24/2 343/1/2
f 343/1/2 20/24/2 18/2/2
f 810/23/15 347/24/15 944/1/15
f 944/1/15 347/24/15 482/2/15
f 811/23/15 814/24/15 347/1/15
f 347/1/15 814/24/15 483/2/15
f 347/23/15 483/24/15 482/1/15
f 482/1/15 483/24/15 484/2/15
f 601/23/2 1104/24/2 85/1/2
f 85/1/2 1104/24/2 810/2/2
f 19/23/15 810/24/15 848/1/15
f 848/1/15 810/24/15 944/2/15
f 1104/23/15 811/24/15 810/1/15
f 810/1/15 811/24/15 347/2/15
f 73/5/2 1383/6/2 80/7/2
f 80/7/2 1383/6/2 1389/8/2
f 75/9/10 1384/10/10 81/11/10
f 81/11/10 1384/10/10 1391/12/10
f 1392/13/4 1390/14/4 1393/15/4
f 1393/15/4 1390/14/4 1394/16/4
f 1387/17/1 1386/18/1 1385/19/1
f 1385/19/1 1386/18/1 1388/20/1
f 1388/20/11 1383/6/11 1385/19/11
f 1385/19/11 1383/6/11 73/5/11
f 1389/8/12 1384/10/12 80/7/12
f 80/7/12 1384/10/12 75/9/12
f 1391/12/13 1390/14/13 81/11/13
f 81/11/13 1390/14/13 1392/13/13
f 1394/16/14 1386/21/14 1393/15/14
f 1393/15/14 1386/21/14 1387/22/14

usemtl concrete_B
f 288/23/16 290/24/16 139/1/16
f 139/1/16 290/24/16 348/2/16
f 227/23/15 813/24/15 1104/1/15
f 1104/1/15 813/24/15 811/2/15
f 226/161/29 213/162/30 225/163/31
f 213/162/30 226/161/29 214/164/32
f 225/163/31 213/162/30 215/165/33
f 216/166/34 215/165/33 213/162/30
f 217/167/35 215/165/33 216/166/34
f 216/166/34 213/162/30 231/168/36
f 231/168/36 213/162/30 214/164/32
f 218/169/37 216/166/34 231/168/36
f 218/169/37 217/167/35 216/166/34
f 219/170/38 217/167/35 218/169/37
f 239/171/39 221/172/40 220/173/41
f 239/171/39 233/174/42 221/172/40
f 220/173/41 221/172/40 222/175/43
f 236/176/44 221/172/40 233/174/42
f 223/177/45 221/172/40 236/176/44
f 223/177/45 222/175/43 221/172/40
f 224/178/46 222/175/43 223/177/45
f 223/177/45 228/179/47 224/178/46
f 228/179/47 223/177/45 236/176/44
f 224/178/46 228/179/47 229/180/48
f 867/181/15 1029/3/15 225/182/15
f 225/182/15 1029/3/15 226/183/15
f 227/184/15 226/183/15 1029/3/15
f 228/185/15 226/183/15 227/184/15
f 1104/186/15 228/185/15 227/184/15
f 229/187/15 228/185/15 1104/186/15
f 218/188/37 231/189/36 230/190/49
f 218/188/37 230/190/49 239/191/39
f 239/191/39 230/190/49 232/192/50
f 239/191/39 232/192/50 233/193/42
f 230/190/49 234/194/51 232/192/50
f 232/192/50 235/195/52 233/193/42
f 232/192/50 234/194/51 235/195/52
f 234/194/51 230/190/49 214/196/32
f 214/196/32 230/190/49 231/189/36
f 226/169/29 234/194/51 214/196/32
f 226/169/29 235/195/52 234/194/51
f 228/197/47 235/195/52 226/169/29
f 228/197/47 236/198/44 235/195/52
f 233/193/42 235/195/52 236/198/44
f 219/170/16 218/199/16 237/200/16
f 237/200/16 218/199/16 238/201/16
f 239/202/16 238/201/16 218/199/16
f 240/203/16 238/201/16 239/202/16
f 220/180/16 240/203/16 239/202/16
f 241/204/16 240/203/16 220/180/16
f 310/23/2 182/24/2 309/1/2
f 309/1/2 182/24/2 84/2/2
f 349/23/16 310/24/16 388/1/16
f 388/1/16 310/24/16 309/2/16
f 290/23/16 186/24/16 348/1/16
f 348/1/16 186/24/16 343/2/16
f 387/23/16 349/24/16 289/1/16
f 289/1/16 349/24/16 388/2/16
f 521/23/28 1377/24/28 1028/1/28
f 1028/1/28 1377/24/28 485/2/28
f 1129/23/28 521/24/28 311/1/28
f 311/1/28 521/24/28 1028/2/28
f 813/23/15 812/24/15 811/1/15
f 811/1/15 812/24/15 814/2/15
f 1340/23/16 288/24/16 1379/1/16
f 1379/1/16 288/24/16 139/2/16
f 182/23/2 1029/24/2 84/1/2
f 84/1/2 1029/24/2 867/2/2
f 1048/23/4 1343/24/4 312/1/4
f 312/1/4 1343/24/4 1341/2/4
f 1342/23/16 1338/24/16 1344/1/16
f 1344/1/16 1338/24/16 1377/2/16
f 1377/157/16 387/158/16 485/159/16
f 485/159/16 387/158/16 289/160/16
f 1343/23/4 1342/24/4 1341/1/4
f 1341/1/4 1342/24/4 1344/2/4

usemtl floor_A
f 55/1/10 54/3/10 56/2/10
f 54/3/10 57/4/10 56/2/10
f 58/1/1 712/2/1 59/3/1
f 59/3/1 712/2/1 808/4/1
f 54/55/27 59/56/27 57/57/27
f 57/57/27 59/56/27 808/58/27
f 57/59/16 808/60/16 56/61/16
f 56/61/16 808/60/16 712/62/16
f 56/56/28 712/59/28 55/63/28
f 55/63/28 712/59/28 58/64/28
f 55/65/15 58/66/15 54/67/15
f 54/67/15 58/66/15 59/68/15
f 309/1/1 84/2/1 388/3/1
f 388/3/1 84/2/1 601/4/1
f 1377/1/1 521/2/1 1344/3/1
f 1344/3/1 521/2/1 1341/4/1
f 521/1/1 1129/2/1 1341/3/1
f 1341/3/1 1129/2/1 312/4/1

usemtl concrete_A
f 1395/23/15 1382/24/15 227/1/15
f 227/1/15 1382/24/15 813/2/15
f 847/157/16 351/158/16 1378/159/16
f 1378/159/16 351/158/16 349/160/16
f 289/23/16 388/24/16 288/1/16
f 288/1/16 388/24/16 290/2/16
f 1381/157/15 1048/158/15 812/159/15
f 812/159/15 1048/158/15 312/160/15
f 351/23/2 350/24/2 349/1/2
f 349/1/2 350/24/2 352/2/2
f 867/23/15 1104/24/15 19/1/15
f 19/1/15 1104/24/15 810/2/15
f 502/23/16 289/24/16 1340/1/16
f 1340/1/16 289/24/16 288/2/16
f 1339/157/16 502/158/16 59/159/16
f 59/159/16 502/158/16 1340/160/16
f 1338/23/16 847/24/16 1377/1/16
f 1377/1/16 847/24/16 1378/2/16
f 1382/23/15 1381/24/15 813/1/15
f 813/1/15 1381/24/15 812/2/15
f 350/23/2 1395/24/2 352/1/2
f 352/1/2 1395/24/2 227/2/2

usemtl brick_A
f 86/69/15 903/70/15 345/71/15
f 87/72/15 86/69/15 345/71/15
f 968/73/15 86/69/15 87/72/15
f 86/69/15 968/73/15 88/74/15
f 933/75/15 87/72/15 345/71/15
f 934/76/15 87/72/15 933/75/15
f 87/72/15 934/76/15 89/77/15
f 935/78/15 933/75/15 345/71/15
f 937/79/15 933/75/15 935/78/15
f 933/75/15 937/79/15 90/80/15
f 961/81/15 935/78/15 345/71/15
f 951/82/15 935/78/15 961/81/15
f 935/78/15 951/82/15 954/83/15
f 941/84/15 961/81/15 345/71/15
f 957/85/15 961/81/15 941/84/15
f 961/81/15 957/85/15 960/86/15
f 88/74/15 968/73/15 91/87/15
f 89/77/15 934/76/15 92/88/15
f 90/80/15 937/79/15 93/89/15
f 954/83/15 951/82/15 953/90/15
f 960/86/15 957/85/15 958/91/15
f 941/84/15 945/92/15 939/93/15
f 945/92/15 941/84/15 1337/94/15
f 1337/94/15 941/84/15 345/71/15
f 939/93/15 945/92/15 947/95/15
f 94/96/15 712/97/15 345/71/15
f 95/98/15 712/97/15 94/96/15
f 712/97/15 95/98/15 878/99/15
f 888/100/15 94/96/15 345/71/15
f 889/101/15 94/96/15 888/100/15
f 94/96/15 889/101/15 879/102/15
f 96/103/15 888/100/15 345/71/15
f 97/104/15 888/100/15 96/103/15
f 888/100/15 97/104/15 98/105/15
f 881/106/15 96/103/15 345/71/15
f 883/107/15 96/103/15 881/106/15
f 96/103/15 883/107/15 99/108/15
f 100/109/15 881/106/15 345/71/15
f 910/110/15 881/106/15 100/109/15
f 881/106/15 910/110/15 906/111/15
f 878/99/15 95/98/15 877/112/15
f 879/102/15 889/101/15 101/113/15
f 98/105/15 97/104/15 886/114/15
f 99/108/15 883/107/15 102/115/15
f 906/111/15 910/110/15 905/116/15
f 100/109/15 966/117/15 909/118/15
f 966/117/15 100/109/15 912/119/15
f 912/119/15 100/109/15 345/71/15
f 103/120/15 912/119/15 345/71/15
f 930/121/15 912/119/15 103/120/15
f 912/119/15 930/121/15 104/122/15
f 916/123/15 103/120/15 345/71/15
f 105/124/15 103/120/15 916/123/15
f 103/120/15 105/124/15 106/125/15
f 926/126/15 916/123/15 345/71/15
f 918/127/15 916/123/15 926/126/15
f 916/123/15 918/127/15 914/128/15
f 900/129/15 926/126/15 345/71/15
f 902/130/15 926/126/15 900/129/15
f 926/126/15 902/130/15 925/131/15
f 903/70/15 900/129/15 345/71/15
f 927/132/15 900/129/15 903/70/15
f 900/129/15 927/132/15 898/133/15
f 104/122/15 930/121/15 107/134/15
f 106/125/15 105/124/15 108/135/15
f 914/128/15 918/127/15 917/136/15
f 925/131/15 902/130/15 923/137/15
f 898/133/15 927/132/15 928/138/15
f 903/70/15 962/139/15 948/140/15
f 962/139/15 903/70/15 86/69/15
f 948/140/15 962/139/15 109/141/15
f 944/94/16 137/71/16 940/142/16
f 940/142/16 137/71/16 955/81/16
f 955/81/16 137/71/16 110/143/16
f 110/143/16 137/71/16 932/75/16
f 932/75/16 137/71/16 111/72/16
f 111/72/16 137/71/16 112/144/16
f 112/144/16 137/71/16 904/145/16
f 904/145/16 137/71/16 899/146/16
f 899/146/16 137/71/16 921/126/16
f 921/126/16 137/71/16 113/123/16
f 113/123/16 137/71/16 114/120/16
f 114/120/16 137/71/16 913/119/16
f 913/119/16 137/71/16 908/109/16
f 908/109/16 137/71/16 882/106/16
f 882/106/16 137/71/16 115/103/16
f 115/103/16 137/71/16 116/100/16
f 116/100/16 137/71/16 117/96/16
f 117/96/16 137/71/16 118/97/16
f 964/76/16 932/75/16 111/72/16
f 949/73/16 111/72/16 112/144/16
f 963/139/16 112/144/16 904/145/16
f 929/132/16 904/145/16 899/146/16
f 901/147/16 899/146/16 921/126/16
f 920/127/16 921/126/16 113/123/16
f 895/124/16 113/123/16 114/120/16
f 894/121/16 114/120/16 913/119/16
f 965/117/16 913/119/16 908/109/16
f 907/110/16 908/109/16 882/106/16
f 885/107/16 882/106/16 115/103/16
f 893/104/16 115/103/16 116/100/16
f 119/101/16 116/100/16 117/96/16
f 891/98/16 117/96/16 118/97/16
f 880/102/16 119/101/16 117/96/16
f 120/113/16 119/101/16 880/102/16
f 950/148/16 964/76/16 121/77/16
f 121/77/16 964/76/16 111/72/16
f 922/137/16 901/147/16 924/131/16
f 924/131/16 901/147/16 921/126/16
f 967/149/16 965/117/16 911/118/16
f 911/118/16 965/117/16 908/109/16
f 890/112/16 891/98/16 122/99/16
f 122/99/16 891/98/16 118/97/16
f 943/92/16 944/94/16 940/142/16
f 123/150/16 943/92/16 940/142/16
f 946/95/16 943/92/16 123/150/16
f 942/85/16 940/142/16 955/81/16
f 959/86/16 942/85/16 955/81/16
f 956/91/16 942/85/16 959/86/16
f 124/151/16 955/81/16 110/143/16
f 938/152/16 124/151/16 110/143/16
f 952/90/16 124/151/16 938/152/16
f 936/79/16 110/143/16 932/75/16
f 931/80/16 936/79/16 932/75/16
f 125/89/16 936/79/16 931/80/16
f 127/153/16 949/73/16 126/154/16
f 126/154/16 949/73/16 112/144/16
f 129/141/16 963/139/16 128/140/16
f 128/140/16 963/139/16 904/145/16
f 897/138/16 929/132/16 896/155/16
f 896/155/16 929/132/16 899/146/16
f 919/136/16 920/127/16 915/128/16
f 915/128/16 920/127/16 113/123/16
f 131/135/16 895/124/16 130/125/16
f 130/125/16 895/124/16 114/120/16
f 133/134/16 894/121/16 132/122/16
f 132/122/16 894/121/16 913/119/16
f 135/116/16 907/110/16 134/111/16
f 134/111/16 907/110/16 882/106/16
f 884/115/16 885/107/16 136/108/16
f 136/108/16 885/107/16 115/103/16
f 892/114/16 893/104/16 887/105/16
f 887/105/16 893/104/16 116/100/16
f 345/71/27 712/156/27 137/1/27
f 137/1/27 712/156/27 118/66/27
f 909/118/15 966/117/15 138/149/15
f 712/157/15 346/158/15 345/159/15
f 345/159/15 346/158/15 1410/160/15
f 809/23/28 1339/24/28 808/1/28
f 808/1/28 1339/24/28 59/2/28
f 346/23/4 1340/24/4 1410/1/4
f 1410/1/4 1340/24/4 1379/2/4
f 1380/23/28 809/24/28 140/1/28
f 140/1/28 809/24/28 808/2/28

usemtl metal_bars_A
f 242/1/10 183/2/10 1049/3/10
f 1049/3/10 183/2/10 344/4/10
f 453/205/59 456/206/60 423/207/61
f 423/207/61 456/206/60 424/208/62
f 456/206/60 462/209/63 424/208/62
f 425/210/64 453/205/59 423/207/61
f 458/211/65 453/205/59 425/210/64
f 426/212/66 458/211/65 425/210/64
f 427/213/67 458/211/65 426/212/66
f 428/214/68 427/213/67 426/212/66
f 429/215/69 427/213/67 428/214/68
f 424/208/62 462/209/63 430/216/63
f 431/217/70 429/215/69 428/214/68
f 432/218/71 429/215/69 431/217/70
f 433/219/72 432/218/71 431/217/70
f 464/220/73 432/218/71 433/219/72
f 434/221/74 464/220/73 433/219/72
f 466/222/75 464/220/73 434/221/74
f 435/223/76 466/222/75 434/221/74
f 436/224/77 466/222/75 435/223/76
f 437/225/78 436/224/77 435/223/76
f 438/226/79 436/224/77 437/225/78
f 439/227/80 438/226/79 437/225/78
f 440/228/81 438/226/79 439/227/80
f 441/229/82 440/228/81 439/227/80
f 442/230/83 440/228/81 441/229/82
f 443/231/84 442/230/83 441/229/82
f 444/232/85 442/230/83 443/231/84
f 445/233/86 444/232/85 443/231/84
f 446/234/87 444/232/85 445/233/86
f 447/235/88 446/234/87 445/233/86
f 474/236/89 446/234/87 447/235/88
f 448/237/90 474/236/89 447/235/88
f 476/238/91 474/236/89 448/237/90
f 449/239/92 476/238/91 448/237/90
f 478/240/93 476/238/91 449/239/92
f 450/241/94 478/240/93 449/239/92
f 480/242/95 478/240/93 450/241/94
f 451/243/96 480/242/95 450/241/94
f 452/244/96 480/242/95 451/243/96
f 455/205/59 454/206/60 453/207/61
f 453/207/61 454/206/60 456/208/62
f 454/206/60 457/209/63 456/208/62
f 458/210/64 455/205/59 453/207/61
f 459/211/65 455/205/59 458/210/64
f 427/212/66 459/211/65 458/210/64
f 460/213/67 459/211/65 427/212/66
f 429/214/68 460/213/67 427/212/66
f 461/215/69 460/213/67 429/214/68
f 456/208/62 457/209/63 462/216/63
f 432/217/70 461/215/69 429/214/68
f 463/218/71 461/215/69 432/217/70
f 464/219/72 463/218/71 432/217/70
f 465/220/73 463/218/71 464/219/72
f 466/221/74 465/220/73 464/219/72
f 467/222/75 465/220/73 466/221/74
f 436/223/76 467/222/75 466/221/74
f 468/224/77 467/222/75 436/223/76
f 438/225/78 468/224/77 436/223/76
f 469/226/79 468/224/77 438/225/78
f 440/227/80 469/226/79 438/225/78
f 470/228/81 469/226/79 440/227/80
f 442/229/82 470/228/81 440/227/80
f 471/230/83 470/228/81 442/229/82
f 444/231/84 471/230/83 442/229/82
f 472/232/85 471/230/83 444/231/84
f 446/233/86 472/232/85 444/231/84
f 473/234/87 472/232/85 446/233/86
f 474/235/88 473/234/87 446/233/86
f 475/236/89 473/234/87 474/235/88
f 476/237/90 475/236/89 474/235/88
f 477/238/91 475/236/89 476/237/90
f 478/239/92 477/238/91 476/237/90
f 479/240/93 477/238/91 478/239/92
f 480/241/94 479/240/93 478/239/92
f 481/242/95 479/240/93 480/241/94
f 452/243/96 481/242/95 480/241/94
f 1382/244/96 481/242/95 452/243/96
f 183/1/10 847/2/10 344/3/10
f 344/3/10 847/2/10 1338/4/10
f 999/205/158 998/206/159 1454/207/160
f 1454/207/160 998/206/159 1000/208/161
f 998/206/159 1001/209/162 1000/208/161
f 1002/210/163 999/205/158 1454/207/160
f 1003/211/164 999/205/158 1002/210/163
f 1004/212/165 1003/211/164 1002/210/163
f 1005/213/166 1003/211/164 1004/212/165
f 1006/214/167 1005/213/166 1004/212/165
f 1007/215/168 1005/213/166 1006/214/167
f 1000/208/161 1001/209/162 1008/216/162
f 1009/217/169 1007/215/168 1006/214/167
f 1010/218/170 1007/215/168 1009/217/169
f 1462/219/171 1010/218/170 1009/217/169
f 1011/220/172 1010/218/170 1462/219/171
f 1012/221/173 1011/220/172 1462/219/171
f 1013/222/174 1011/220/172 1012/221/173
f 1465/223/175 1013/222/174 1012/221/173
f 1014/224/176 1013/222/174 1465/223/175
f 1467/225/177 1014/224/176 1465/223/175
f 1015/226/178 1014/224/176 1467/225/177
f 1469/227/179 1015/226/178 1467/225/177
f 1016/228/180 1015/226/178 1469/227/179
f 1017/229/181 1016/228/180 1469/227/179
f 1018/230/182 1016/228/180 1017/229/181
f 1019/231/183 1018/230/182 1017/229/181
f 1020/232/184 1018/230/182 1019/231/183
f 1021/233/185 1020/232/184 1019/231/183
f 1022/234/186 1020/232/184 1021/233/185
f 1474/235/187 1022/234/186 1021/233/185
f 1023/236/188 1022/234/186 1474/235/187
f 1476/237/189 1023/236/188 1474/235/187
f 1024/238/190 1023/236/188 1476/237/189
f 1478/239/191 1024/238/190 1476/237/189
f 1025/240/192 1024/238/190 1478/239/191
f 1026/241/193 1025/240/192 1478/239/191
f 1027/242/194 1025/240/192 1026/241/193
f 1028/243/195 1027/242/194 1026/241/193
f 485/244/195 1027/242/194 1028/243/195
f 1049/1/10 344/2/10 1048/3/10
f 1048/3/10 344/2/10 1343/4/10
f 344/1/10 1338/2/10 1343/3/10
f 1343/3/10 1338/2/10 1342/4/10
f 1454/205/158 1000/206/159 1453/207/160
f 1453/207/160 1000/206/159 1455/208/161
f 1000/206/159 1008/209/162 1455/208/161
f 1456/210/163 1454/205/158 1453/207/160
f 1002/211/164 1454/205/158 1456/210/163
f 1457/212/165 1002/211/164 1456/210/163
f 1004/213/166 1002/211/164 1457/212/165
f 1458/214/167 1004/213/166 1457/212/165
f 1006/215/168 1004/213/166 1458/214/167
f 1455/208/161 1008/209/162 1459/216/162
f 1460/217/169 1006/215/168 1458/214/167
f 1009/218/170 1006/215/168 1460/217/169
f 1461/219/171 1009/218/170 1460/217/169
f 1462/220/172 1009/218/170 1461/219/171
f 1463/221/173 1462/220/172 1461/219/171
f 1012/222/174 1462/220/172 1463/221/173
f 1464/223/175 1012/222/174 1463/221/173
f 1465/224/176 1012/222/174 1464/223/175
f 1466/225/177 1465/224/176 1464/223/175
f 1467/226/178 1465/224/176 1466/225/177
f 1468/227/179 1467/226/178 1466/225/177
f 1469/228/180 1467/226/178 1468/227/179
f 1470/229/181 1469/228/180 1468/227/179
f 1017/230/182 1469/228/180 1470/229/181
f 1471/231/183 1017/230/182 1470/229/181
f 1019/232/184 1017/230/182 1471/231/183
f 1472/233/185 1019/232/184 1471/231/183
f 1021/234/186 1019/232/184 1472/233/185
f 1473/235/187 1021/234/186 1472/233/185
f 1474/236/188 1021/234/186 1473/235/187
f 1475/237/189 1474/236/188 1473/235/187
f 1476/238/190 1474/236/188 1475/237/189
f 1477/239/191 1476/238/190 1475/237/189
f 1478/240/192 1476/238/190 1477/239/191
f 1479/241/193 1478/240/192 1477/239/191
f 1026/242/194 1478/240/192 1479/241/193
f 311/243/195 1026/242/194 1479/241/193
f 1028/244/195 1026/242/194 311/243/195

usemtl stairs_master
f 523/245/97 522/246/98 544/247/99
f 544/247/99 522/246/98 801/248/100
f 522/246/98 752/249/101 801/248/100
f 801/248/100 752/249/101 805/250/101
f 749/251/102 750/252/103 524/253/104
f 524/253/104 750/252/103 802/254/105
f 525/255/102 749/251/102 524/253/104
f 746/256/104 749/251/102 525/255/102
f 526/257/106 746/256/104 525/255/102
f 745/258/107 746/256/104 526/257/106
f 538/259/108 528/260/98 527/261/109
f 527/261/109 528/260/98 529/262/100
f 530/263/100 529/262/100 528/260/98
f 531/264/98 529/262/100 530/263/100
f 530/263/100 532/265/109 531/264/98
f 531/264/98 532/265/109 533/266/108
f 536/267/110 535/268/109 534/269/111
f 534/269/111 535/268/109 537/270/108
f 527/261/109 537/270/108 538/259/108
f 538/259/108 537/270/108 535/268/109
f 545/271/108 540/272/98 539/273/109
f 539/273/109 540/272/98 795/274/100
f 743/275/100 795/274/100 540/272/98
f 541/276/98 795/274/100 743/275/100
f 743/275/100 542/277/109 541/276/98
f 541/276/98 542/277/109 543/278/108
f 750/252/103 523/245/97 802/254/105
f 802/254/105 523/245/97 544/247/99
f 542/277/109 745/258/107 543/278/108
f 543/278/108 745/258/107 526/257/106
f 539/273/109 533/266/108 545/271/108
f 545/271/108 533/266/108 532/265/109
f 722/245/108 724/246/98 558/247/109
f 558/247/109 724/246/98 784/248/100
f 724/246/98 727/249/100 784/248/100
f 784/248/100 727/249/100 546/250/98
f 727/249/100 567/279/109 546/250/98
f 546/250/98 567/279/109 566/280/108
f 548/251/102 723/252/112 547/253/104
f 547/253/104 723/252/112 783/254/113
f 754/255/102 548/251/102 547/253/104
f 561/256/104 548/251/102 754/255/102
f 681/259/108 679/260/98 765/261/109
f 765/261/109 679/260/98 549/262/100
f 682/263/100 549/262/100 679/260/98
f 760/264/98 549/262/100 682/263/100
f 682/263/100 715/265/109 760/264/98
f 760/264/98 715/265/109 761/266/108
f 551/267/110 564/268/109 550/269/111
f 550/269/111 564/268/109 766/270/108
f 736/281/107 738/282/104 565/283/106
f 565/283/106 738/282/104 552/284/102
f 738/282/104 536/285/110 552/284/102
f 552/284/102 536/285/110 534/286/111
f 735/287/100 737/288/109 553/289/98
f 553/289/98 554/290/100 735/287/100
f 553/289/98 737/288/109 793/291/108
f 735/287/100 554/290/100 734/292/98
f 789/293/109 734/292/98 554/290/100
f 732/294/108 734/292/98 789/293/109
f 789/293/109 790/295/108 732/294/108
f 731/296/100 733/297/109 555/298/98
f 555/298/98 556/299/100 731/296/100
f 555/298/98 733/297/109 790/295/108
f 731/296/100 556/299/100 730/300/98
f 557/301/109 730/300/98 556/299/100
f 729/302/108 730/300/98 557/301/109
f 723/252/112 722/245/108 783/254/113
f 783/254/113 722/245/108 558/247/109
f 560/277/109 559/258/107 757/278/108
f 757/278/108 559/258/107 755/257/112
f 559/258/107 561/256/104 755/257/112
f 755/257/112 561/256/104 754/255/102
f 756/276/98 560/277/109 757/278/108
f 717/275/100 560/277/109 756/276/98
f 759/273/109 761/266/108 714/271/108
f 714/271/108 562/272/98 759/273/109
f 714/271/108 761/266/108 715/265/109
f 759/273/109 562/272/98 563/274/100
f 756/276/98 563/274/100 717/275/100
f 717/275/100 563/274/100 562/272/98
f 765/261/109 766/270/108 681/259/108
f 681/259/108 766/270/108 564/268/109
f 737/288/109 736/281/107 793/291/108
f 793/291/108 736/281/107 565/283/106
f 557/301/109 566/280/108 729/302/108
f 729/302/108 566/280/108 567/279/109
f 571/245/108 699/246/98 572/247/109
f 572/247/109 699/246/98 772/248/100
f 699/246/98 697/249/100 772/248/100
f 772/248/100 697/249/100 568/250/98
f 697/249/100 698/279/109 568/250/98
f 568/250/98 698/279/109 598/280/108
f 703/251/102 569/252/112 773/253/104
f 773/253/104 569/252/112 570/254/107
f 569/252/112 571/245/108 570/254/107
f 570/254/107 571/245/108 572/247/109
f 574/259/114 573/260/98 782/261/115
f 782/261/115 58/270/116 574/259/114
f 782/261/115 573/260/98 780/262/100
f 574/259/114 58/270/116 712/268/116
f 710/263/100 780/262/100 573/260/98
f 779/264/98 780/262/100 710/263/100
f 710/263/100 592/265/109 779/264/98
f 779/264/98 592/265/109 590/266/108
f 576/298/98 575/299/100 693/296/100
f 693/296/100 596/297/109 576/298/98
f 693/296/100 575/299/100 695/300/98
f 576/298/98 596/297/109 594/295/108
f 577/301/109 695/300/98 575/299/100
f 597/302/108 695/300/98 577/301/109
f 580/281/107 685/282/104 578/283/106
f 578/283/106 685/282/104 579/284/102
f 685/282/104 551/285/110 579/284/102
f 579/284/102 551/285/110 550/286/111
f 583/287/100 687/288/109 584/289/98
f 584/289/98 687/288/109 770/291/108
f 687/288/109 580/281/107 770/291/108
f 770/291/108 580/281/107 578/283/106
f 581/294/108 689/292/98 595/293/109
f 595/293/109 689/292/98 582/290/100
f 583/287/100 582/290/100 689/292/98
f 584/289/98 582/290/100 583/287/100
f 705/256/104 703/251/102 775/255/102
f 775/255/102 703/251/102 773/253/104
f 588/257/112 705/256/104 775/255/102
f 585/258/107 705/256/104 588/257/112
f 587/277/109 585/258/107 586/278/108
f 586/278/108 585/258/107 588/257/112
f 591/273/109 590/266/108 589/271/108
f 589/271/108 590/266/108 592/265/109
f 777/276/98 778/274/100 707/275/100
f 707/275/100 587/277/109 777/276/98
f 707/275/100 778/274/100 593/272/98
f 591/273/109 593/272/98 778/274/100
f 589/271/108 593/272/98 591/273/109
f 777/276/98 587/277/109 586/278/108
f 595/293/109 594/295/108 581/294/108
f 581/294/108 594/295/108 596/297/109
f 577/301/109 598/280/108 597/302/108
f 597/302/108 598/280/108 698/279/109
f 601/246/28 388/248/28 752/249/28
f 752/249/28 388/248/28 805/250/28
f 600/247/117 804/248/118 599/245/119
f 599/245/119 804/248/118 751/246/120
f 804/248/118 388/250/121 751/246/120
f 751/246/120 388/250/121 601/249/121
f 603/253/122 803/254/123 602/251/124
f 602/251/124 803/254/123 604/252/125
f 747/256/126 603/253/122 602/251/124
f 605/255/127 603/253/122 747/256/126
f 748/258/128 605/255/127 747/256/126
f 800/257/129 605/255/127 748/258/128
f 607/261/130 606/262/118 740/259/131
f 740/259/131 608/268/130 607/261/130
f 740/259/131 606/262/118 739/260/120
f 607/261/130 608/268/130 609/270/131
f 794/269/132 609/270/131 626/267/133
f 626/267/133 609/270/131 608/268/130
f 741/263/118 739/260/120 610/264/120
f 610/264/120 796/266/131 741/263/118
f 610/264/120 739/260/120 606/262/118
f 741/263/118 796/266/131 613/265/130
f 798/273/130 797/274/118 614/271/131
f 614/271/131 797/274/118 742/272/120
f 799/276/120 742/272/120 797/274/118
f 744/275/118 742/272/120 799/276/120
f 799/276/120 611/278/131 744/275/118
f 744/275/118 611/278/131 612/277/130
f 803/254/123 600/247/117 604/252/125
f 604/252/125 600/247/117 599/245/119
f 611/278/131 800/257/129 612/277/130
f 612/277/130 800/257/129 748/258/128
f 614/271/131 613/265/130 798/273/130
f 798/273/130 613/265/130 796/266/131
f 635/247/130 785/248/118 636/245/131
f 636/245/131 785/248/118 726/246/120
f 785/248/118 615/250/120 726/246/120
f 726/246/120 615/250/120 728/249/118
f 615/250/120 647/280/131 728/249/118
f 728/249/118 647/280/131 646/279/130
f 617/253/122 616/254/128 721/251/124
f 721/251/124 616/254/128 725/252/129
f 719/256/126 617/253/122 721/251/124
f 618/255/124 617/253/122 719/256/126
f 720/258/128 618/255/124 719/256/126
f 637/257/129 618/255/124 720/258/128
f 764/261/130 762/262/118 619/259/131
f 619/259/131 620/268/130 764/261/130
f 619/259/131 762/262/118 621/260/120
f 764/261/130 620/268/130 763/270/131
f 622/269/132 763/270/131 680/267/133
f 680/267/133 763/270/131 620/268/130
f 644/283/134 624/284/124 623/281/135
f 623/281/135 624/284/124 625/282/122
f 624/284/124 794/286/132 625/282/122
f 625/282/122 794/286/132 626/285/133
f 792/289/120 645/291/131 627/287/118
f 627/287/118 628/292/120 792/289/120
f 627/287/118 645/291/131 629/288/130
f 792/289/120 628/292/120 791/290/118
f 630/294/131 791/290/118 628/292/120
f 807/293/136 791/290/118 630/294/131
f 630/294/131 633/297/130 807/293/136
f 788/298/120 806/295/131 631/296/118
f 631/296/118 632/300/120 788/298/120
f 631/296/118 806/295/131 633/297/130
f 788/298/120 632/300/120 786/299/118
f 634/302/131 786/299/118 632/300/120
f 787/301/130 786/299/118 634/302/131
f 616/254/128 635/247/130 725/252/129
f 725/252/129 635/247/130 636/245/131
f 638/278/131 637/257/129 718/277/130
f 718/277/130 637/257/129 720/258/128
f 716/271/131 713/265/130 643/273/130
f 643/273/130 713/265/130 639/266/131
f 683/263/118 639/266/131 713/265/130
f 758/264/120 639/266/131 683/263/118
f 641/275/118 640/272/120 753/276/120
f 753/276/120 638/278/131 641/275/118
f 753/276/120 640/272/120 642/274/118
f 716/271/131 642/274/118 640/272/120
f 643/273/130 642/274/118 716/271/131
f 641/275/118 638/278/131 718/277/130
f 683/263/118 621/260/120 758/264/120
f 758/264/120 621/260/120 762/262/118
f 645/291/131 644/283/134 629/288/130
f 629/288/130 644/283/134 623/281/135
f 634/302/131 646/279/130 787/301/130
f 787/301/130 646/279/130 647/280/131
f 649/247/130 648/248/118 701/245/131
f 701/245/131 648/248/118 665/246/120
f 700/252/129 649/247/130 701/245/131
f 650/254/135 649/247/130 700/252/129
f 702/251/124 650/254/135 700/252/129
f 651/253/122 650/254/135 702/251/124
f 654/261/130 653/262/118 652/259/131
f 652/259/131 655/268/130 654/261/130
f 652/259/131 653/262/118 711/260/120
f 654/261/130 655/268/130 781/270/131
f 712/267/137 781/270/131 655/268/130
f 58/269/137 781/270/131 712/267/137
f 769/283/129 767/284/124 686/281/128
f 686/281/128 767/284/124 684/282/122
f 767/284/124 622/286/132 684/282/122
f 684/282/122 622/286/132 680/285/133
f 657/289/120 768/291/131 656/287/118
f 656/287/118 688/292/120 657/289/120
f 656/287/118 768/291/131 658/288/130
f 657/289/120 688/292/120 659/290/118
f 691/294/131 659/290/118 688/292/120
f 660/293/130 659/290/118 691/294/131
f 661/298/120 771/295/131 692/296/118
f 692/296/118 694/300/120 661/298/120
f 692/296/118 771/295/131 690/297/130
f 661/298/120 694/300/120 662/299/118
f 677/302/131 662/299/118 694/300/120
f 676/301/130 662/299/118 677/302/131
f 664/250/120 678/280/131 663/249/118
f 663/249/118 678/280/131 696/279/130
f 665/246/120 664/250/120 663/249/118
f 648/248/118 664/250/120 665/246/120
f 774/255/124 651/253/122 704/256/122
f 704/256/122 651/253/122 702/251/124
f 669/258/128 774/255/124 704/256/122
f 666/257/129 774/255/124 669/258/128
f 668/278/131 666/257/129 667/277/130
f 667/277/130 666/257/129 669/258/128
f 673/271/131 709/265/130 670/273/130
f 670/273/130 709/265/130 671/266/131
f 675/263/118 671/266/131 709/265/130
f 674/264/120 671/266/131 675/263/118
f 706/275/118 708/272/120 776/276/120
f 776/276/120 668/278/131 706/275/118
f 776/276/120 708/272/120 672/274/118
f 673/271/131 672/274/118 708/272/120
f 670/273/130 672/274/118 673/271/131
f 706/275/118 668/278/131 667/277/130
f 675/263/118 711/260/120 674/264/120
f 674/264/120 711/260/120 653/262/118
f 768/291/131 769/283/129 658/288/130
f 658/288/130 769/283/129 686/281/128
f 691/294/131 690/297/130 660/293/130
f 660/293/130 690/297/130 771/295/131
f 677/302/131 696/279/130 676/301/130
f 676/301/130 696/279/130 678/280/131
f 681/303/16 680/304/16 679/305/16
f 679/305/16 680/304/16 620/306/16
f 620/306/16 621/307/16 679/305/16
f 619/308/16 621/307/16 620/306/16
f 621/307/16 682/309/16 679/305/16
f 683/310/16 682/309/16 621/307/16
f 681/303/16 551/311/16 680/304/16
f 564/312/16 551/311/16 681/303/16
f 551/311/16 684/313/16 680/304/16
f 685/314/16 684/313/16 551/311/16
f 658/315/16 684/313/16 685/314/16
f 686/316/16 684/313/16 658/315/16
f 685/314/16 656/317/16 658/315/16
f 580/318/16 656/317/16 685/314/16
f 580/318/16 583/319/16 656/317/16
f 687/320/16 583/319/16 580/318/16
f 583/319/16 688/321/16 656/317/16
f 689/322/16 688/321/16 583/319/16
f 690/323/16 688/321/16 689/322/16
f 691/324/16 688/321/16 690/323/16
f 689/322/16 692/325/16 690/323/16
f 581/326/16 692/325/16 689/322/16
f 581/326/16 693/327/16 692/325/16
f 596/328/16 693/327/16 581/326/16
f 693/327/16 694/329/16 692/325/16
f 695/330/16 694/329/16 693/327/16
f 696/331/16 694/329/16 695/330/16
f 677/332/16 694/329/16 696/331/16
f 695/330/16 663/333/16 696/331/16
f 597/334/16 663/333/16 695/330/16
f 597/334/16 697/335/16 663/333/16
f 698/336/16 697/335/16 597/334/16
f 697/335/16 665/337/16 663/333/16
f 699/338/16 665/337/16 697/335/16
f 700/339/16 665/337/16 699/338/16
f 701/340/16 665/337/16 700/339/16
f 699/338/16 702/341/16 700/339/16
f 571/342/16 702/341/16 699/338/16
f 571/342/16 703/343/16 702/341/16
f 569/344/16 703/343/16 571/342/16
f 703/343/16 704/345/16 702/341/16
f 705/346/16 704/345/16 703/343/16
f 667/347/16 704/345/16 705/346/16
f 669/348/16 704/345/16 667/347/16
f 705/346/16 706/349/16 667/347/16
f 585/350/16 706/349/16 705/346/16
f 585/350/16 707/351/16 706/349/16
f 587/352/16 707/351/16 585/350/16
f 707/351/16 708/353/16 706/349/16
f 593/354/16 708/353/16 707/351/16
f 709/355/16 708/353/16 593/354/16
f 673/356/16 708/353/16 709/355/16
f 593/354/16 675/357/16 709/355/16
f 589/358/16 675/357/16 593/354/16
f 589/358/16 710/359/16 675/357/16
f 592/360/16 710/359/16 589/358/16
f 710/359/16 711/361/16 675/357/16
f 573/362/16 711/361/16 710/359/16
f 655/363/16 711/361/16 573/362/16
f 652/364/16 711/361/16 655/363/16
f 573/362/16 712/365/16 655/363/16
f 574/366/16 712/365/16 573/362/16
f 713/367/16 562/368/16 683/310/16
f 683/310/16 562/368/16 714/369/16
f 714/369/16 682/309/16 683/310/16
f 715/370/16 682/309/16 714/369/16
f 713/367/16 640/371/16 562/368/16
f 716/372/16 640/371/16 713/367/16
f 640/371/16 717/373/16 562/368/16
f 641/374/16 717/373/16 640/371/16
f 559/375/16 717/373/16 641/374/16
f 560/376/16 717/373/16 559/375/16
f 641/374/16 561/377/16 559/375/16
f 718/378/16 561/377/16 641/374/16
f 720/379/16 719/380/16 718/381/16
f 718/381/16 719/380/16 561/382/16
f 719/380/16 548/383/16 561/382/16
f 721/384/16 548/383/16 719/380/16
f 722/385/16 548/383/16 721/384/16
f 723/386/16 548/383/16 722/385/16
f 721/384/16 724/387/16 722/385/16
f 725/388/16 724/387/16 721/384/16
f 725/388/16 726/389/16 724/387/16
f 636/390/16 726/389/16 725/388/16
f 726/389/16 727/391/16 724/387/16
f 728/392/16 727/391/16 726/389/16
f 729/393/16 727/391/16 728/392/16
f 567/394/16 727/391/16 729/393/16
f 728/392/16 730/395/16 729/393/16
f 646/396/16 730/395/16 728/392/16
f 646/396/16 632/397/16 730/395/16
f 634/398/16 632/397/16 646/396/16
f 632/397/16 731/399/16 730/395/16
f 631/400/16 731/399/16 632/397/16
f 732/401/16 731/399/16 631/400/16
f 733/402/16 731/399/16 732/401/16
f 631/400/16 734/403/16 732/401/16
f 633/404/16 734/403/16 631/400/16
f 633/404/16 628/405/16 734/403/16
f 630/406/16 628/405/16 633/404/16
f 628/405/16 735/407/16 734/403/16
f 627/408/16 735/407/16 628/405/16
f 736/409/16 735/407/16 627/408/16
f 737/410/16 735/407/16 736/409/16
f 627/408/16 738/411/16 736/409/16
f 629/412/16 738/411/16 627/408/16
f 629/412/16 625/413/16 738/411/16
f 623/414/16 625/413/16 629/412/16
f 625/413/16 536/415/16 738/411/16
f 626/416/16 536/415/16 625/413/16
f 538/417/16 536/415/16 626/416/16
f 535/418/16 536/415/16 538/417/16
f 626/416/16 528/419/16 538/417/16
f 608/420/16 528/419/16 626/416/16
f 608/420/16 739/421/16 528/419/16
f 740/422/16 739/421/16 608/420/16
f 739/421/16 530/423/16 528/419/16
f 741/424/16 530/423/16 739/421/16
f 545/425/16 530/423/16 741/424/16
f 532/426/16 530/423/16 545/425/16
f 741/424/16 540/427/16 545/425/16
f 613/428/16 540/427/16 741/424/16
f 613/428/16 742/429/16 540/427/16
f 614/430/16 742/429/16 613/428/16
f 742/429/16 743/311/16 540/427/16
f 744/431/16 743/311/16 742/429/16
f 745/432/16 743/311/16 744/431/16
f 542/433/16 743/311/16 745/432/16
f 744/431/16 746/434/16 745/432/16
f 612/435/16 746/434/16 744/431/16
f 612/435/16 747/436/16 746/434/16
f 748/308/16 747/436/16 612/435/16
f 747/436/16 749/437/16 746/434/16
f 602/438/16 749/437/16 747/436/16
f 523/439/16 749/437/16 602/438/16
f 750/440/16 749/437/16 523/439/16
f 602/438/16 522/441/16 523/439/16
f 604/442/16 522/441/16 602/438/16
f 604/442/16 751/443/16 522/441/16
f 599/444/16 751/443/16 604/442/16
f 751/443/16 752/445/16 522/441/16
f 601/446/16 752/445/16 751/443/16
f 755/375/15 754/377/15 753/374/15
f 753/374/15 754/377/15 638/378/15
f 756/373/15 755/375/15 753/374/15
f 757/376/15 755/375/15 756/373/15
f 642/371/15 756/373/15 753/374/15
f 563/368/15 756/373/15 642/371/15
f 642/371/15 639/367/15 563/368/15
f 643/372/15 639/367/15 642/371/15
f 758/310/15 563/368/15 639/367/15
f 759/369/15 563/368/15 758/310/15
f 760/309/15 759/369/15 758/310/15
f 761/370/15 759/369/15 760/309/15
f 762/307/15 760/309/15 758/310/15
f 549/305/15 760/309/15 762/307/15
f 762/307/15 763/306/15 549/305/15
f 764/308/15 763/306/15 762/307/15
f 622/304/15 549/305/15 763/306/15
f 765/303/15 549/305/15 622/304/15
f 550/311/15 765/303/15 622/304/15
f 766/312/15 765/303/15 550/311/15
f 767/313/15 550/311/15 622/304/15
f 579/314/15 550/311/15 767/313/15
f 767/313/15 768/315/15 579/314/15
f 769/316/15 768/315/15 767/313/15
f 657/317/15 579/314/15 768/315/15
f 578/318/15 579/314/15 657/317/15
f 584/319/15 578/318/15 657/317/15
f 770/320/15 578/318/15 584/319/15
f 659/321/15 584/319/15 657/317/15
f 582/322/15 584/319/15 659/321/15
f 659/321/15 771/323/15 582/322/15
f 660/324/15 771/323/15 659/321/15
f 661/325/15 582/322/15 771/323/15
f 595/326/15 582/322/15 661/325/15
f 576/327/15 595/326/15 661/325/15
f 594/328/15 595/326/15 576/327/15
f 662/329/15 576/327/15 661/325/15
f 575/330/15 576/327/15 662/329/15
f 662/329/15 678/331/15 575/330/15
f 676/332/15 678/331/15 662/329/15
f 664/333/15 575/330/15 678/331/15
f 577/334/15 575/330/15 664/333/15
f 568/335/15 577/334/15 664/333/15
f 598/336/15 577/334/15 568/335/15
f 648/337/15 568/335/15 664/333/15
f 772/338/15 568/335/15 648/337/15
f 648/337/15 650/339/15 772/338/15
f 649/340/15 650/339/15 648/337/15
f 651/341/15 772/338/15 650/339/15
f 572/342/15 772/338/15 651/341/15
f 773/343/15 572/342/15 651/341/15
f 570/344/15 572/342/15 773/343/15
f 774/345/15 773/343/15 651/341/15
f 775/346/15 773/343/15 774/345/15
f 774/345/15 668/347/15 775/346/15
f 666/348/15 668/347/15 774/345/15
f 776/349/15 775/346/15 668/347/15
f 588/350/15 775/346/15 776/349/15
f 777/351/15 588/350/15 776/349/15
f 586/352/15 588/350/15 777/351/15
f 672/353/15 777/351/15 776/349/15
f 778/354/15 777/351/15 672/353/15
f 672/353/15 671/355/15 778/354/15
f 670/356/15 671/355/15 672/353/15
f 674/357/15 778/354/15 671/355/15
f 591/358/15 778/354/15 674/357/15
f 779/359/15 591/358/15 674/357/15
f 590/360/15 591/358/15 779/359/15
f 653/361/15 779/359/15 674/357/15
f 780/362/15 779/359/15 653/361/15
f 653/361/15 781/363/15 780/362/15
f 654/364/15 781/363/15 653/361/15
f 58/365/15 780/362/15 781/363/15
f 782/366/15 780/362/15 58/365/15
f 754/382/15 618/380/15 638/381/15
f 638/381/15 618/380/15 637/379/15
f 547/383/15 618/380/15 754/382/15
f 617/384/15 618/380/15 547/383/15
f 547/383/15 558/385/15 617/384/15
f 783/386/15 558/385/15 547/383/15
f 558/385/15 784/387/15 617/384/15
f 617/384/15 784/387/15 616/388/15
f 785/389/15 616/388/15 784/387/15
f 635/390/15 616/388/15 785/389/15
f 546/391/15 785/389/15 784/387/15
f 615/392/15 785/389/15 546/391/15
f 546/391/15 557/393/15 615/392/15
f 566/394/15 557/393/15 546/391/15
f 557/393/15 556/395/15 615/392/15
f 615/392/15 556/395/15 647/396/15
f 786/397/15 647/396/15 556/395/15
f 787/398/15 647/396/15 786/397/15
f 555/399/15 786/397/15 556/395/15
f 788/400/15 786/397/15 555/399/15
f 555/399/15 789/401/15 788/400/15
f 790/402/15 789/401/15 555/399/15
f 789/401/15 554/403/15 788/400/15
f 788/400/15 554/403/15 806/404/15
f 791/405/15 806/404/15 554/403/15
f 807/406/15 806/404/15 791/405/15
f 553/407/15 791/405/15 554/403/15
f 792/408/15 791/405/15 553/407/15
f 553/407/15 565/409/15 792/408/15
f 793/410/15 565/409/15 553/407/15
f 565/409/15 552/411/15 792/408/15
f 792/408/15 552/411/15 645/412/15
f 624/413/15 645/412/15 552/411/15
f 644/414/15 645/412/15 624/413/15
f 534/415/15 624/413/15 552/411/15
f 794/416/15 624/413/15 534/415/15
f 534/415/15 527/417/15 794/416/15
f 537/418/15 527/417/15 534/415/15
f 527/417/15 529/419/15 794/416/15
f 794/416/15 529/419/15 609/420/15
f 606/421/15 609/420/15 529/419/15
f 607/422/15 609/420/15 606/421/15
f 531/423/15 606/421/15 529/419/15
f 610/424/15 606/421/15 531/423/15
f 531/423/15 539/425/15 610/424/15
f 533/426/15 539/425/15 531/423/15
f 539/425/15 795/427/15 610/424/15
f 610/424/15 795/427/15 796/428/15
f 797/429/15 796/428/15 795/427/15
f 798/430/15 796/428/15 797/429/15
f 541/311/15 797/429/15 795/427/15
f 799/431/15 797/429/15 541/311/15
f 541/311/15 526/432/15 799/431/15
f 526/432/15 525/434/15 799/431/15
f 543/433/15 526/432/15 541/311/15
f 799/431/15 525/434/15 611/435/15
f 605/436/15 611/435/15 525/434/15
f 800/308/15 611/435/15 605/436/15
f 524/437/15 605/436/15 525/434/15
f 603/438/15 605/436/15 524/437/15
f 524/437/15 544/439/15 603/438/15
f 544/439/15 801/441/15 603/438/15
f 802/440/15 544/439/15 524/437/15
f 603/438/15 801/441/15 803/442/15
f 804/443/15 803/442/15 801/441/15
f 600/444/15 803/442/15 804/443/15
f 805/445/15 804/443/15 801/441/15
f 388/446/15 804/443/15 805/445/15
f 732/294/108 790/295/108 733/297/109
f 807/293/136 633/297/130 806/295/131
f 890/247/138 122/248/139 877/245/140
f 877/245/140 122/248/139 878/246/141
f 122/248/139 118/250/121 878/246/141
f 878/246/141 118/250/121 712/249/121
f 117/253/142 891/254/143 94/251/144
f 94/251/144 891/254/143 95/252/145
f 879/256/146 117/253/142 94/251/144
f 880/255/147 117/253/142 879/256/146
f 101/258/148 880/255/147 879/256/146
f 120/257/149 880/255/147 101/258/148
f 884/261/150 136/262/139 102/259/151
f 102/259/151 136/262/139 99/260/141
f 115/264/141 99/260/141 136/262/139
f 96/263/139 99/260/141 115/264/141
f 115/264/141 893/266/151 96/263/139
f 96/263/139 893/266/151 97/265/150
f 882/269/152 885/270/151 881/267/153
f 881/267/153 885/270/151 883/268/150
f 102/259/151 883/268/150 884/261/150
f 884/261/150 883/268/150 885/270/151
f 892/273/150 887/274/139 886/271/151
f 886/271/151 887/274/139 98/272/141
f 116/276/141 98/272/141 887/274/139
f 888/275/139 98/272/141 116/276/141
f 116/276/141 119/278/151 888/275/139
f 888/275/139 119/278/151 889/277/150
f 891/254/143 890/247/138 95/252/145
f 95/252/145 890/247/138 877/245/140
f 119/278/151 120/257/149 889/277/150
f 889/277/150 120/257/149 101/258/148
f 886/271/151 97/265/150 892/273/150
f 892/273/150 97/265/150 893/266/151
f 131/247/150 130/248/139 108/245/151
f 108/245/151 130/248/139 106/246/141
f 130/248/139 114/250/141 106/246/141
f 106/246/141 114/250/141 103/249/139
f 114/250/141 894/280/151 103/249/139
f 103/249/139 894/280/151 930/279/150
f 113/253/142 895/254/148 916/251/144
f 916/251/144 895/254/148 105/252/149
f 895/254/148 131/247/150 105/252/149
f 105/252/149 131/247/150 108/245/151
f 897/261/150 896/262/139 928/259/151
f 928/259/151 896/262/139 898/260/141
f 899/264/141 898/260/141 896/262/139
f 900/263/139 898/260/141 899/264/141
f 899/264/141 901/266/151 900/263/139
f 900/263/139 901/266/151 902/265/150
f 904/269/152 929/270/151 903/267/153
f 903/267/153 929/270/151 927/268/150
f 135/283/154 134/284/144 905/281/155
f 905/281/155 134/284/144 906/282/142
f 134/284/144 882/286/152 906/282/142
f 906/282/142 882/286/152 881/285/153
f 908/289/141 907/291/151 100/287/139
f 100/287/139 909/292/141 908/289/141
f 100/287/139 907/291/151 910/288/150
f 908/289/141 909/292/141 911/290/139
f 138/294/151 911/290/139 909/292/141
f 967/293/156 911/290/139 138/294/151
f 138/294/151 966/297/150 967/293/156
f 913/298/141 965/295/151 912/296/139
f 912/296/139 104/300/141 913/298/141
f 912/296/139 965/295/151 966/297/150
f 913/298/141 104/300/141 132/299/139
f 107/302/151 132/299/139 104/300/141
f 133/301/150 132/299/139 107/302/151
f 915/255/144 113/253/142 914/256/146
f 914/256/146 113/253/142 916/251/144
f 917/258/148 915/255/144 914/256/146
f 919/257/149 915/255/144 917/258/148
f 920/278/151 919/257/149 918/277/150
f 918/277/150 919/257/149 917/258/148
f 926/275/139 920/278/151 918/277/150
f 921/276/141 920/278/151 926/275/139
f 923/271/151 902/265/150 922/273/150
f 922/273/150 924/274/139 923/271/151
f 922/273/150 902/265/150 901/266/151
f 923/271/151 924/274/139 925/272/141
f 926/275/139 925/272/141 921/276/141
f 921/276/141 925/272/141 924/274/139
f 928/259/151 927/268/150 897/261/150
f 897/261/150 927/268/150 929/270/151
f 907/291/151 135/283/154 910/288/150
f 910/288/150 135/283/154 905/281/155
f 107/302/151 930/279/150 133/301/150
f 133/301/150 930/279/150 894/280/151
f 125/247/150 931/248/139 93/245/151
f 93/245/151 931/248/139 90/246/141
f 931/248/139 932/250/141 90/246/141
f 90/246/141 932/250/141 933/249/139
f 932/250/141 964/280/151 933/249/139
f 933/249/139 964/280/151 934/279/150
f 110/253/142 936/254/155 935/251/144
f 935/251/144 936/254/155 937/252/149
f 954/256/142 110/253/142 935/251/144
f 938/255/144 110/253/142 954/256/142
f 946/261/150 123/262/139 947/259/151
f 947/259/151 123/262/139 939/260/141
f 940/264/141 939/260/141 123/262/139
f 941/263/139 939/260/141 940/264/141
f 940/264/141 942/266/151 941/263/139
f 941/263/139 942/266/151 957/265/150
f 944/269/157 943/270/151 1337/267/157
f 1337/267/157 943/270/151 945/268/150
f 946/261/150 945/268/150 943/270/151
f 947/259/151 945/268/150 946/261/150
f 129/283/149 128/284/144 109/281/148
f 109/281/148 128/284/144 948/282/142
f 128/284/144 904/286/152 948/282/142
f 948/282/142 904/286/152 903/285/153
f 112/289/141 963/291/151 86/287/139
f 86/287/139 88/292/141 112/289/141
f 86/287/139 963/291/151 962/288/150
f 112/289/141 88/292/141 126/290/139
f 91/294/151 126/290/139 88/292/141
f 127/293/150 126/290/139 91/294/151
f 91/294/151 968/297/150 127/293/150
f 111/298/141 949/295/151 87/296/139
f 87/296/139 89/300/141 111/298/141
f 87/296/139 949/295/151 968/297/150
f 111/298/141 89/300/141 121/299/139
f 92/302/151 121/299/139 89/300/141
f 950/301/150 121/299/139 92/302/151
f 936/254/155 125/247/150 937/252/149
f 937/252/149 125/247/150 93/245/151
f 124/278/151 952/257/149 951/277/150
f 951/277/150 952/257/149 953/258/148
f 952/257/149 938/255/144 953/258/148
f 953/258/148 938/255/144 954/256/142
f 961/275/139 124/278/151 951/277/150
f 955/276/141 124/278/151 961/275/139
f 958/271/151 957/265/150 956/273/150
f 956/273/150 959/274/139 958/271/151
f 956/273/150 957/265/150 942/266/151
f 958/271/151 959/274/139 960/272/141
f 961/275/139 960/272/141 955/276/141
f 955/276/141 960/272/141 959/274/139
f 963/291/151 129/283/149 962/288/150
f 962/288/150 129/283/149 109/281/148
f 92/302/151 934/279/150 950/301/150
f 950/301/150 934/279/150 964/280/151
f 967/293/156 966/297/150 965/295/151
f 127/293/150 968/297/150 949/295/151
f 1265/245/196 1051/246/197 1050/247/198
f 1050/247/198 1051/246/197 1052/248/199
f 1051/246/197 1125/249/101 1052/248/199
f 1052/248/199 1125/249/101 1053/250/101
f 1263/251/200 1266/252/201 1054/253/202
f 1054/253/202 1266/252/201 1055/254/203
f 1336/255/200 1263/251/200 1054/253/202
f 1261/256/202 1263/251/200 1336/255/200
f 1056/257/204 1261/256/202 1336/255/200
f 1066/258/205 1261/256/202 1056/257/204
f 1058/259/206 1057/260/197 1327/261/207
f 1327/261/207 1057/260/197 1328/262/199
f 1059/263/199 1328/262/199 1057/260/197
f 1060/264/197 1328/262/199 1059/263/199
f 1059/263/199 1260/265/207 1060/264/197
f 1060/264/197 1260/265/207 1332/266/206
f 1079/267/208 1255/268/207 1080/269/209
f 1080/269/209 1255/268/207 1061/270/206
f 1327/261/207 1061/270/206 1058/259/206
f 1058/259/206 1061/270/206 1255/268/207
f 1068/271/206 1063/272/197 1062/273/207
f 1062/273/207 1063/272/197 1333/274/199
f 1064/275/199 1333/274/199 1063/272/197
f 1334/276/197 1333/274/199 1064/275/199
f 1064/275/199 1067/277/207 1334/276/197
f 1334/276/197 1067/277/207 1065/278/206
f 1266/252/201 1265/245/196 1055/254/203
f 1055/254/203 1265/245/196 1050/247/198
f 1067/277/207 1066/258/205 1065/278/206
f 1065/278/206 1066/258/205 1056/257/204
f 1062/273/207 1332/266/206 1068/271/206
f 1068/271/206 1332/266/206 1260/265/207
f 1237/245/206 1239/246/197 1069/247/207
f 1069/247/207 1239/246/197 1070/248/199
f 1239/246/197 1242/249/199 1070/248/199
f 1070/248/199 1242/249/199 1071/250/197
f 1242/249/199 1245/279/207 1071/250/197
f 1071/250/197 1245/279/207 1072/280/206
f 1073/251/200 1238/252/210 1311/253/202
f 1311/253/202 1238/252/210 1084/254/211
f 1085/255/200 1073/251/200 1311/253/202
f 1074/256/202 1073/251/200 1085/255/200
f 1092/259/206 1205/260/197 1279/261/207
f 1279/261/207 1205/260/197 1275/262/199
f 1206/263/199 1275/262/199 1205/260/197
f 1075/264/197 1275/262/199 1206/263/199
f 1206/263/199 1088/265/207 1075/264/197
f 1075/264/197 1088/265/207 1087/266/206
f 1207/267/208 1093/268/207 1280/269/209
f 1280/269/209 1093/268/207 1281/270/206
f 1077/281/205 1076/282/202 1095/283/204
f 1095/283/204 1076/282/202 1078/284/200
f 1076/282/202 1079/285/208 1078/284/200
f 1078/284/200 1079/285/208 1080/286/209
f 1082/287/199 1081/288/207 1325/289/197
f 1325/289/197 1323/290/199 1082/287/199
f 1325/289/197 1081/288/207 1094/291/206
f 1082/287/199 1323/290/199 1083/292/197
f 1321/293/207 1083/292/197 1323/290/199
f 1252/294/206 1083/292/197 1321/293/207
f 1321/293/207 1322/295/206 1252/294/206
f 1250/296/199 1253/297/207 1319/298/197
f 1319/298/197 1316/299/199 1250/296/199
f 1319/298/197 1253/297/207 1322/295/206
f 1250/296/199 1316/299/199 1246/300/197
f 1315/301/207 1246/300/197 1316/299/199
f 1244/302/206 1246/300/197 1315/301/207
f 1238/252/210 1237/245/206 1084/254/211
f 1084/254/211 1237/245/206 1069/247/207
f 1234/277/207 1233/258/205 1269/278/206
f 1269/278/206 1233/258/205 1268/257/210
f 1233/258/205 1074/256/202 1268/257/210
f 1268/257/210 1074/256/202 1085/255/200
f 1090/276/197 1234/277/207 1269/278/206
f 1089/275/199 1234/277/207 1090/276/197
f 1274/273/207 1087/266/206 1086/271/206
f 1086/271/206 1091/272/197 1274/273/207
f 1086/271/206 1087/266/206 1088/265/207
f 1274/273/207 1091/272/197 1271/274/199
f 1090/276/197 1271/274/199 1089/275/199
f 1089/275/199 1271/274/199 1091/272/197
f 1279/261/207 1281/270/206 1092/259/206
f 1092/259/206 1281/270/206 1093/268/207
f 1081/288/207 1077/281/205 1094/291/206
f 1094/291/206 1077/281/205 1095/283/204
f 1315/301/207 1072/280/206 1244/302/206
f 1244/302/206 1072/280/206 1245/279/207
f 1222/245/206 1218/246/197 1100/247/207
f 1100/247/207 1218/246/197 1292/248/199
f 1218/246/197 1215/249/199 1292/248/199
f 1292/248/199 1215/249/199 1096/250/197
f 1215/249/199 1216/279/207 1096/250/197
f 1096/250/197 1216/279/207 1097/280/206
f 1099/251/200 1098/252/210 1118/253/202
f 1118/253/202 1098/252/210 1295/254/205
f 1098/252/210 1222/245/206 1295/254/205
f 1295/254/205 1222/245/206 1100/247/207
f 1103/259/212 1102/260/197 1101/261/213
f 1101/261/213 1104/270/214 1103/259/212
f 1101/261/213 1102/260/197 1105/262/199
f 1103/259/212 1104/270/214 1179/268/214
f 1106/263/199 1105/262/199 1102/260/197
f 1107/264/197 1105/262/199 1106/263/199
f 1106/263/199 1120/265/207 1107/264/197
f 1107/264/197 1120/265/207 1108/266/206
f 1288/298/197 1110/299/199 1109/296/199
f 1109/296/199 1211/297/207 1288/298/197
f 1109/296/199 1110/299/199 1213/300/197
f 1288/298/197 1211/297/207 1289/295/206
f 1111/301/207 1213/300/197 1110/299/199
f 1124/302/206 1213/300/197 1111/301/207
f 1209/281/205 1208/282/202 1112/283/204
f 1112/283/204 1208/282/202 1113/284/200
f 1208/282/202 1207/285/208 1113/284/200
f 1113/284/200 1207/285/208 1280/286/209
f 1116/287/199 1115/288/207 1114/289/197
f 1114/289/197 1115/288/207 1283/291/206
f 1115/288/207 1209/281/205 1283/291/206
f 1283/291/206 1209/281/205 1112/283/204
f 1123/294/206 1117/292/197 1287/293/207
f 1287/293/207 1117/292/197 1284/290/199
f 1116/287/199 1284/290/199 1117/292/197
f 1114/289/197 1284/290/199 1116/287/199
f 1224/256/202 1099/251/200 1297/255/200
f 1297/255/200 1099/251/200 1118/253/202
f 1301/257/210 1224/256/202 1297/255/200
f 1119/258/205 1224/256/202 1301/257/210
f 1122/277/207 1119/258/205 1303/278/206
f 1303/278/206 1119/258/205 1301/257/210
f 1307/273/207 1108/266/206 1229/271/206
f 1229/271/206 1108/266/206 1120/265/207
f 1302/276/197 1304/274/199 1121/275/199
f 1121/275/199 1122/277/207 1302/276/197
f 1121/275/199 1304/274/199 1226/272/197
f 1307/273/207 1226/272/197 1304/274/199
f 1229/271/206 1226/272/197 1307/273/207
f 1302/276/197 1122/277/207 1303/278/206
f 1287/293/207 1289/295/206 1123/294/206
f 1123/294/206 1289/295/206 1211/297/207
f 1111/301/207 1097/280/206 1124/302/206
f 1124/302/206 1097/280/206 1216/279/207
f 521/246/27 1129/248/27 1125/249/27
f 1125/249/27 1129/248/27 1053/250/27
f 1142/247/138 1127/248/139 1126/245/140
f 1126/245/140 1127/248/139 1128/246/141
f 1127/248/139 1129/250/121 1128/246/141
f 1128/246/141 1129/250/121 521/249/121
f 1130/253/142 1143/254/143 1264/251/144
f 1264/251/144 1143/254/143 1141/252/145
f 1131/256/146 1130/253/142 1264/251/144
f 1132/255/147 1130/253/142 1131/256/146
f 1145/258/148 1132/255/147 1131/256/146
f 1144/257/149 1132/255/147 1145/258/148
f 1330/261/150 1329/262/139 1258/259/151
f 1258/259/151 1256/268/150 1330/261/150
f 1258/259/151 1329/262/139 1257/260/141
f 1330/261/150 1256/268/150 1133/270/151
f 1326/269/152 1133/270/151 1157/267/153
f 1157/267/153 1133/270/151 1256/268/150
f 1259/263/139 1257/260/141 1331/264/141
f 1331/264/141 1146/266/151 1259/263/139
f 1331/264/141 1257/260/141 1329/262/139
f 1259/263/139 1146/266/151 1134/265/150
f 1137/273/150 1136/274/139 1135/271/151
f 1135/271/151 1136/274/139 1138/272/141
f 1335/276/141 1138/272/141 1136/274/139
f 1139/275/139 1138/272/141 1335/276/141
f 1335/276/141 1140/278/151 1139/275/139
f 1139/275/139 1140/278/151 1262/277/150
f 1143/254/143 1142/247/138 1141/252/145
f 1141/252/145 1142/247/138 1126/245/140
f 1140/278/151 1144/257/149 1262/277/150
f 1262/277/150 1144/257/149 1145/258/148
f 1135/271/151 1134/265/150 1137/273/150
f 1137/273/150 1134/265/150 1146/266/151
f 1147/247/150 1313/248/139 1241/245/151
f 1241/245/151 1313/248/139 1240/246/141
f 1313/248/139 1314/250/141 1240/246/141
f 1240/246/141 1314/250/141 1243/249/139
f 1314/250/141 1317/280/151 1243/249/139
f 1243/249/139 1317/280/151 1247/279/150
f 1312/253/142 1166/254/148 1236/251/144
f 1236/251/144 1166/254/148 1148/252/149
f 1235/256/146 1312/253/142 1236/251/144
f 1309/255/144 1312/253/142 1235/256/146
f 1149/258/148 1309/255/144 1235/256/146
f 1310/257/149 1309/255/144 1149/258/148
f 1277/261/150 1151/262/139 1150/259/151
f 1150/259/151 1152/268/150 1277/261/150
f 1150/259/151 1151/262/139 1153/260/141
f 1277/261/150 1152/268/150 1276/270/151
f 1278/269/152 1276/270/151 1183/267/153
f 1183/267/153 1276/270/151 1152/268/150
f 1155/283/154 1154/284/144 1172/281/155
f 1172/281/155 1154/284/144 1156/282/142
f 1154/284/144 1326/286/152 1156/282/142
f 1156/282/142 1326/286/152 1157/285/153
f 1160/289/141 1159/291/151 1158/287/139
f 1158/287/139 1161/292/141 1160/289/141
f 1158/287/139 1159/291/151 1162/288/150
f 1160/289/141 1161/292/141 1163/290/139
f 1164/294/151 1163/290/139 1161/292/141
f 1165/293/156 1163/290/139 1164/294/151
f 1164/294/151 1254/297/150 1165/293/156
f 1320/298/141 1324/295/151 1251/296/139
f 1251/296/139 1248/300/141 1320/298/141
f 1251/296/139 1324/295/151 1254/297/150
f 1320/298/141 1248/300/141 1318/299/139
f 1249/302/151 1318/299/139 1248/300/141
f 1173/301/150 1318/299/139 1249/302/151
f 1166/254/148 1147/247/150 1148/252/149
f 1148/252/149 1147/247/150 1241/245/151
f 1168/278/151 1310/257/149 1167/277/150
f 1167/277/150 1310/257/149 1149/258/148
f 1232/271/151 1230/265/150 1273/273/150
f 1273/273/150 1230/265/150 1272/266/151
f 1169/263/139 1272/266/151 1230/265/150
f 1171/264/141 1272/266/151 1169/263/139
f 1170/275/139 1231/272/141 1267/276/141
f 1267/276/141 1168/278/151 1170/275/139
f 1267/276/141 1231/272/141 1270/274/139
f 1232/271/151 1270/274/139 1231/272/141
f 1273/273/150 1270/274/139 1232/271/151
f 1170/275/139 1168/278/151 1167/277/150
f 1169/263/139 1153/260/141 1171/264/141
f 1171/264/141 1153/260/141 1151/262/139
f 1159/291/151 1155/283/154 1162/288/150
f 1162/288/150 1155/283/154 1172/281/155
f 1249/302/151 1247/279/150 1173/301/150
f 1173/301/150 1247/279/150 1317/280/151
f 1294/247/150 1196/248/139 1220/245/151
f 1220/245/151 1196/248/139 1217/246/141
f 1219/252/149 1294/247/150 1220/245/151
f 1293/254/155 1294/247/150 1219/252/149
f 1221/251/144 1293/254/155 1219/252/149
f 1197/253/142 1293/254/155 1221/251/144
f 1175/261/150 1308/262/139 1174/259/151
f 1174/259/151 1176/268/150 1175/261/150
f 1174/259/151 1308/262/139 1177/260/141
f 1175/261/150 1176/268/150 1178/270/151
f 1179/267/157 1178/270/151 1176/268/150
f 1104/269/157 1178/270/151 1179/267/157
f 1282/283/149 1181/284/144 1180/281/148
f 1180/281/148 1181/284/144 1182/282/142
f 1181/284/144 1278/286/152 1182/282/142
f 1182/282/142 1278/286/152 1183/285/153
f 1186/289/141 1185/291/151 1184/287/139
f 1184/287/139 1187/292/141 1186/289/141
f 1184/287/139 1185/291/151 1188/288/150
f 1186/289/141 1187/292/141 1189/290/139
f 1204/294/151 1189/290/139 1187/292/141
f 1190/293/150 1189/290/139 1204/294/151
f 1286/298/141 1285/295/151 1191/296/139
f 1191/296/139 1212/300/141 1286/298/141
f 1191/296/139 1285/295/151 1210/297/150
f 1286/298/141 1212/300/141 1290/299/139
f 1192/302/151 1290/299/139 1212/300/141
f 1193/301/150 1290/299/139 1192/302/151
f 1194/250/141 1291/280/151 1214/249/139
f 1214/249/139 1291/280/151 1195/279/150
f 1217/246/141 1194/250/141 1214/249/139
f 1196/248/139 1194/250/141 1217/246/141
f 1296/255/144 1197/253/142 1223/256/142
f 1223/256/142 1197/253/142 1221/251/144
f 1198/258/148 1296/255/144 1223/256/142
f 1299/257/149 1296/255/144 1198/258/148
f 1298/278/151 1299/257/149 1202/277/150
f 1202/277/150 1299/257/149 1198/258/148
f 1228/271/151 1227/265/150 1201/273/150
f 1201/273/150 1227/265/150 1305/266/151
f 1203/263/139 1305/266/151 1227/265/150
f 1306/264/141 1305/266/151 1203/263/139
f 1225/275/139 1199/272/141 1300/276/141
f 1300/276/141 1298/278/151 1225/275/139
f 1300/276/141 1199/272/141 1200/274/139
f 1228/271/151 1200/274/139 1199/272/141
f 1201/273/150 1200/274/139 1228/271/151
f 1225/275/139 1298/278/151 1202/277/150
f 1203/263/139 1177/260/141 1306/264/141
f 1306/264/141 1177/260/141 1308/262/139
f 1185/291/151 1282/283/149 1188/288/150
f 1188/288/150 1282/283/149 1180/281/148
f 1204/294/151 1210/297/150 1190/293/150
f 1190/293/150 1210/297/150 1285/295/151
f 1192/302/151 1195/279/150 1193/301/150
f 1193/301/150 1195/279/150 1291/280/151
f 1092/303/15 1183/304/15 1205/305/15
f 1205/305/15 1183/304/15 1152/306/15
f 1152/306/15 1153/307/15 1205/305/15
f 1150/308/15 1153/307/15 1152/306/15
f 1153/307/15 1206/309/15 1205/305/15
f 1169/310/15 1206/309/15 1153/307/15
f 1092/303/15 1207/311/15 1183/304/15
f 1093/312/15 1207/311/15 1092/303/15
f 1207/311/15 1182/313/15 1183/304/15
f 1208/314/15 1182/313/15 1207/311/15
f 1188/315/15 1182/313/15 1208/314/15
f 1180/316/15 1182/313/15 1188/315/15
f 1208/314/15 1184/317/15 1188/315/15
f 1209/318/15 1184/317/15 1208/314/15
f 1209/318/15 1116/319/15 1184/317/15
f 1115/320/15 1116/319/15 1209/318/15
f 1116/319/15 1187/321/15 1184/317/15
f 1117/322/15 1187/321/15 1116/319/15
f 1210/323/15 1187/321/15 1117/322/15
f 1204/324/15 1187/321/15 1210/323/15
f 1117/322/15 1191/325/15 1210/323/15
f 1123/326/15 1191/325/15 1117/322/15
f 1123/326/15 1109/327/15 1191/325/15
f 1211/328/15 1109/327/15 1123/326/15
f 1109/327/15 1212/329/15 1191/325/15
f 1213/330/15 1212/329/15 1109/327/15
f 1195/331/15 1212/329/15 1213/330/15
f 1192/332/15 1212/329/15 1195/331/15
f 1213/330/15 1214/333/15 1195/331/15
f 1124/334/15 1214/333/15 1213/330/15
f 1124/334/15 1215/335/15 1214/333/15
f 1216/336/15 1215/335/15 1124/334/15
f 1215/335/15 1217/337/15 1214/333/15
f 1218/338/15 1217/337/15 1215/335/15
f 1219/339/15 1217/337/15 1218/338/15
f 1220/340/15 1217/337/15 1219/339/15
f 1218/338/15 1221/341/15 1219/339/15
f 1222/342/15 1221/341/15 1218/338/15
f 1222/342/15 1099/343/15 1221/341/15
f 1098/344/15 1099/343/15 1222/342/15
f 1099/343/15 1223/345/15 1221/341/15
f 1224/346/15 1223/345/15 1099/343/15
f 1202/347/15 1223/345/15 1224/346/15
f 1198/348/15 1223/345/15 1202/347/15
f 1224/346/15 1225/349/15 1202/347/15
f 1119/350/15 1225/349/15 1224/346/15
f 1119/350/15 1121/351/15 1225/349/15
f 1122/352/15 1121/351/15 1119/350/15
f 1121/351/15 1199/353/15 1225/349/15
f 1226/354/15 1199/353/15 1121/351/15
f 1227/355/15 1199/353/15 1226/354/15
f 1228/356/15 1199/353/15 1227/355/15
f 1226/354/15 1203/357/15 1227/355/15
f 1229/358/15 1203/357/15 1226/354/15
f 1229/358/15 1106/359/15 1203/357/15
f 1120/360/15 1106/359/15 1229/358/15
f 1106/359/15 1177/361/15 1203/357/15
f 1102/362/15 1177/361/15 1106/359/15
f 1176/363/15 1177/361/15 1102/362/15
f 1174/364/15 1177/361/15 1176/363/15
f 1102/362/15 1179/365/15 1176/363/15
f 1103/366/15 1179/365/15 1102/362/15
f 1230/367/15 1091/368/15 1169/310/15
f 1169/310/15 1091/368/15 1086/369/15
f 1086/369/15 1206/309/15 1169/310/15
f 1088/370/15 1206/309/15 1086/369/15
f 1230/367/15 1231/371/15 1091/368/15
f 1232/372/15 1231/371/15 1230/367/15
f 1231/371/15 1089/373/15 1091/368/15
f 1170/374/15 1089/373/15 1231/371/15
f 1233/375/15 1089/373/15 1170/374/15
f 1234/376/15 1089/373/15 1233/375/15
f 1170/374/15 1074/377/15 1233/375/15
f 1167/378/15 1074/377/15 1170/374/15
f 1149/379/15 1235/380/15 1167/381/15
f 1167/381/15 1235/380/15 1074/382/15
f 1235/380/15 1073/383/15 1074/382/15
f 1236/384/15 1073/383/15 1235/380/15
f 1237/385/15 1073/383/15 1236/384/15
f 1238/386/15 1073/383/15 1237/385/15
f 1236/384/15 1239/387/15 1237/385/15
f 1148/388/15 1239/387/15 1236/384/15
f 1148/388/15 1240/389/15 1239/387/15
f 1241/390/15 1240/389/15 1148/388/15
f 1240/389/15 1242/391/15 1239/387/15
f 1243/392/15 1242/391/15 1240/389/15
f 1244/393/15 1242/391/15 1243/392/15
f 1245/394/15 1242/391/15 1244/393/15
f 1243/392/15 1246/395/15 1244/393/15
f 1247/396/15 1246/395/15 1243/392/15
f 1247/396/15 1248/397/15 1246/395/15
f 1249/398/15 1248/397/15 1247/396/15
f 1248/397/15 1250/399/15 1246/395/15
f 1251/400/15 1250/399/15 1248/397/15
f 1252/401/15 1250/399/15 1251/400/15
f 1253/402/15 1250/399/15 1252/401/15
f 1251/400/15 1083/403/15 1252/401/15
f 1254/404/15 1083/403/15 1251/400/15
f 1254/404/15 1161/405/15 1083/403/15
f 1164/406/15 1161/405/15 1254/404/15
f 1161/405/15 1082/407/15 1083/403/15
f 1158/408/15 1082/407/15 1161/405/15
f 1077/409/15 1082/407/15 1158/408/15
f 1081/410/15 1082/407/15 1077/409/15
f 1158/408/15 1076/411/15 1077/409/15
f 1162/412/15 1076/411/15 1158/408/15
f 1162/412/15 1156/413/15 1076/411/15
f 1172/414/15 1156/413/15 1162/412/15
f 1156/413/15 1079/415/15 1076/411/15
f 1157/416/15 1079/415/15 1156/413/15
f 1058/417/15 1079/415/15 1157/416/15
f 1255/418/15 1079/415/15 1058/417/15
f 1157/416/15 1057/419/15 1058/417/15
f 1256/420/15 1057/419/15 1157/416/15
f 1256/420/15 1257/421/15 1057/419/15
f 1258/422/15 1257/421/15 1256/420/15
f 1257/421/15 1059/423/15 1057/419/15
f 1259/424/15 1059/423/15 1257/421/15
f 1068/425/15 1059/423/15 1259/424/15
f 1260/426/15 1059/423/15 1068/425/15
f 1259/424/15 1063/427/15 1068/425/15
f 1134/428/15 1063/427/15 1259/424/15
f 1134/428/15 1138/429/15 1063/427/15
f 1135/430/15 1138/429/15 1134/428/15
f 1138/429/15 1064/311/15 1063/427/15
f 1139/431/15 1064/311/15 1138/429/15
f 1066/432/15 1064/311/15 1139/431/15
f 1067/433/15 1064/311/15 1066/432/15
f 1139/431/15 1261/434/15 1066/432/15
f 1262/435/15 1261/434/15 1139/431/15
f 1262/435/15 1131/436/15 1261/434/15
f 1145/308/15 1131/436/15 1262/435/15
f 1131/436/15 1263/437/15 1261/434/15
f 1264/438/15 1263/437/15 1131/436/15
f 1265/439/15 1263/437/15 1264/438/15
f 1266/440/15 1263/437/15 1265/439/15
f 1264/438/15 1051/441/15 1265/439/15
f 1141/442/15 1051/441/15 1264/438/15
f 1141/442/15 1128/443/15 1051/441/15
f 1126/444/15 1128/443/15 1141/442/15
f 1128/443/15 1125/445/15 1051/441/15
f 521/446/15 1125/445/15 1128/443/15
f 1268/375/16 1085/377/16 1267/374/16
f 1267/374/16 1085/377/16 1168/378/16
f 1090/373/16 1268/375/16 1267/374/16
f 1269/376/16 1268/375/16 1090/373/16
f 1270/371/16 1090/373/16 1267/374/16
f 1271/368/16 1090/373/16 1270/371/16
f 1270/371/16 1272/367/16 1271/368/16
f 1273/372/16 1272/367/16 1270/371/16
f 1171/310/16 1271/368/16 1272/367/16
f 1274/369/16 1271/368/16 1171/310/16
f 1075/309/16 1274/369/16 1171/310/16
f 1087/370/16 1274/369/16 1075/309/16
f 1151/307/16 1075/309/16 1171/310/16
f 1275/305/16 1075/309/16 1151/307/16
f 1151/307/16 1276/306/16 1275/305/16
f 1277/308/16 1276/306/16 1151/307/16
f 1278/304/16 1275/305/16 1276/306/16
f 1279/303/16 1275/305/16 1278/304/16
f 1280/311/16 1279/303/16 1278/304/16
f 1281/312/16 1279/303/16 1280/311/16
f 1181/313/16 1280/311/16 1278/304/16
f 1113/314/16 1280/311/16 1181/313/16
f 1181/313/16 1185/315/16 1113/314/16
f 1282/316/16 1185/315/16 1181/313/16
f 1186/317/16 1113/314/16 1185/315/16
f 1112/318/16 1113/314/16 1186/317/16
f 1114/319/16 1112/318/16 1186/317/16
f 1283/320/16 1112/318/16 1114/319/16
f 1189/321/16 1114/319/16 1186/317/16
f 1284/322/16 1114/319/16 1189/321/16
f 1189/321/16 1285/323/16 1284/322/16
f 1190/324/16 1285/323/16 1189/321/16
f 1286/325/16 1284/322/16 1285/323/16
f 1287/326/16 1284/322/16 1286/325/16
f 1288/327/16 1287/326/16 1286/325/16
f 1289/328/16 1287/326/16 1288/327/16
f 1290/329/16 1288/327/16 1286/325/16
f 1110/330/16 1288/327/16 1290/329/16
f 1290/329/16 1291/331/16 1110/330/16
f 1193/332/16 1291/331/16 1290/329/16
f 1194/333/16 1110/330/16 1291/331/16
f 1111/334/16 1110/330/16 1194/333/16
f 1096/335/16 1111/334/16 1194/333/16
f 1097/336/16 1111/334/16 1096/335/16
f 1196/337/16 1096/335/16 1194/333/16
f 1292/338/16 1096/335/16 1196/337/16
f 1196/337/16 1293/339/16 1292/338/16
f 1294/340/16 1293/339/16 1196/337/16
f 1197/341/16 1292/338/16 1293/339/16
f 1100/342/16 1292/338/16 1197/341/16
f 1118/343/16 1100/342/16 1197/341/16
f 1295/344/16 1100/342/16 1118/343/16
f 1296/345/16 1118/343/16 1197/341/16
f 1297/346/16 1118/343/16 1296/345/16
f 1296/345/16 1298/347/16 1297/346/16
f 1299/348/16 1298/347/16 1296/345/16
f 1300/349/16 1297/346/16 1298/347/16
f 1301/350/16 1297/346/16 1300/349/16
f 1302/351/16 1301/350/16 1300/349/16
f 1303/352/16 1301/350/16 1302/351/16
f 1200/353/16 1302/351/16 1300/349/16
f 1304/354/16 1302/351/16 1200/353/16
f 1200/353/16 1305/355/16 1304/354/16
f 1201/356/16 1305/355/16 1200/353/16
f 1306/357/16 1304/354/16 1305/355/16
f 1307/358/16 1304/354/16 1306/357/16
f 1107/359/16 1307/358/16 1306/357/16
f 1108/360/16 1307/358/16 1107/359/16
f 1308/361/16 1107/359/16 1306/357/16
f 1105/362/16 1107/359/16 1308/361/16
f 1308/361/16 1178/363/16 1105/362/16
f 1175/364/16 1178/363/16 1308/361/16
f 1104/365/16 1105/362/16 1178/363/16
f 1101/366/16 1105/362/16 1104/365/16
f 1085/382/16 1309/380/16 1168/381/16
f 1168/381/16 1309/380/16 1310/379/16
f 1311/383/16 1309/380/16 1085/382/16
f 1312/384/16 1309/380/16 1311/383/16
f 1311/383/16 1069/385/16 1312/384/16
f 1084/386/16 1069/385/16 1311/383/16
f 1069/385/16 1070/387/16 1312/384/16
f 1312/384/16 1070/387/16 1166/388/16
f 1313/389/16 1166/388/16 1070/387/16
f 1147/390/16 1166/388/16 1313/389/16
f 1071/391/16 1313/389/16 1070/387/16
f 1314/392/16 1313/389/16 1071/391/16
f 1071/391/16 1315/393/16 1314/392/16
f 1072/394/16 1315/393/16 1071/391/16
f 1315/393/16 1316/395/16 1314/392/16
f 1314/392/16 1316/395/16 1317/396/16
f 1318/397/16 1317/396/16 1316/395/16
f 1173/398/16 1317/396/16 1318/397/16
f 1319/399/16 1318/397/16 1316/395/16
f 1320/400/16 1318/397/16 1319/399/16
f 1319/399/16 1321/401/16 1320/400/16
f 1322/402/16 1321/401/16 1319/399/16
f 1321/401/16 1323/403/16 1320/400/16
f 1320/400/16 1323/403/16 1324/404/16
f 1163/405/16 1324/404/16 1323/403/16
f 1165/406/16 1324/404/16 1163/405/16
f 1325/407/16 1163/405/16 1323/403/16
f 1160/408/16 1163/405/16 1325/407/16
f 1325/407/16 1095/409/16 1160/408/16
f 1094/410/16 1095/409/16 1325/407/16
f 1095/409/16 1078/411/16 1160/408/16
f 1160/408/16 1078/411/16 1159/412/16
f 1154/413/16 1159/412/16 1078/411/16
f 1155/414/16 1159/412/16 1154/413/16
f 1080/415/16 1154/413/16 1078/411/16
f 1326/416/16 1154/413/16 1080/415/16
f 1080/415/16 1327/417/16 1326/416/16
f 1061/418/16 1327/417/16 1080/415/16
f 1327/417/16 1328/419/16 1326/416/16
f 1326/416/16 1328/419/16 1133/420/16
f 1329/421/16 1133/420/16 1328/419/16
f 1330/422/16 1133/420/16 1329/421/16
f 1060/423/16 1329/421/16 1328/419/16
f 1331/424/16 1329/421/16 1060/423/16
f 1060/423/16 1062/425/16 1331/424/16
f 1332/426/16 1062/425/16 1060/423/16
f 1062/425/16 1333/427/16 1331/424/16
f 1331/424/16 1333/427/16 1146/428/16
f 1136/429/16 1146/428/16 1333/427/16
f 1137/430/16 1146/428/16 1136/429/16
f 1334/311/16 1136/429/16 1333/427/16
f 1335/431/16 1136/429/16 1334/311/16
f 1334/311/16 1056/432/16 1335/431/16
f 1056/432/16 1336/434/16 1335/431/16
f 1065/433/16 1056/432/16 1334/311/16
f 1335/431/16 1336/434/16 1140/435/16
f 1132/436/16 1140/435/16 1336/434/16
f 1144/308/16 1140/435/16 1132/436/16
f 1054/437/16 1132/436/16 1336/434/16
f 1130/438/16 1132/436/16 1054/437/16
f 1054/437/16 1050/439/16 1130/438/16
f 1050/439/16 1052/441/16 1130/438/16
f 1055/440/16 1050/439/16 1054/437/16
f 1130/438/16 1052/441/16 1143/442/16
f 1127/443/16 1143/442/16 1052/441/16
f 1142/444/16 1143/442/16 1127/443/16
f 1053/445/16 1127/443/16 1052/441/16
f 1129/446/16 1127/443/16 1053/445/16
f 1252/294/206 1322/295/206 1253/297/207
f 1165/293/156 1254/297/150 1324/295/151

usemtl floor_C_wet
f 84/1/1 867/2/1 601/3/1
f 601/3/1 867/2/1 1104/4/1
f 712/1/1 118/2/1 808/3/1
f 808/3/1 118/2/1 140/4/1

