# WaveFront *.obj file (generated by CINEMA 4D)

mtllib ./sector_07.mtl

v -8.00010013580322 4.00009489059448 8
v -8.00010013580322 -0.00010498890333 8
v -20 -0.01600047945976 8.74999809265137
v -17.84284019470215 -0.49585929512978 8.73399829864502
v -20 -0.0000004768371 8.26599788665771
v -20 -0.01600047945976 8.24999809265137
v -20 -0.50000071525574 8.26599788665771
v -17.86039924621582 -0.48400041460991 8.24999809265137
v -17.84284019470215 -0.49585929512978 8.26599788665771
v -17.86039924621582 -0.48400041460991 8.74999809265137
v -20 -0.50000071525574 8.73399829864502
v -20 -0.48400071263313 8.74999809265137
v -17.87430000305176 -0.50000041723251 8.73399829864502
v -17.87430000305176 -0.50000041723251 8.26599788665771
v -16.00773048400879 -0.00414110720158 8.73399829864502
v -16.11380004882812 -0.01600001938641 8.74999809265137
v -20 -0.0000004768371 8.73399829864502
v -16.11380004882812 -0.01600001938641 8.24999809265137
v -20 -0.48400071263313 8.24999809265137
v -16.00773048400879 -0.00414110720158 8.26599788665771
v -24 -0.01600047945976 3.75
v -24 -0.50000071525574 4.23400020599365
v -21.87430000305176 -0.50000041723251 3.76600003242493
v -24 -0.50000071525574 3.76600003242493
v -21.87430000305176 -0.50000041723251 4.23400020599365
v -20.11380004882812 -0.01600001938641 4.25
v -21.84284019470215 -0.49585929512978 3.76600003242493
v -21.84284019470215 -0.49585929512978 4.23400020599365
v -24 -0.0000004768371 3.76600003242493
v -24 -0.48400071263313 3.75
v -21.86039924621582 -0.48400041460991 4.25
v -24 -0.48400071263313 4.25
v -20.00773048400879 -0.00414110720158 4.23400020599365
v -24 -0.01600047945976 4.25
v -24 -0.0000004768371 4.23400020599365
v -20.11380004882812 -0.01600001938641 3.75
v -21.86039924621582 -0.48400041460991 3.75
v -20.00773048400879 -0.00414110720158 3.76600003242493
v -8.00010204315186 4 0.00009989737737
v -11.99989986419678 4 -0.00009989737737
v -8.00010204315186 4 4.00010013580322
v -24.00009918212891 -4 -7.99989986419678
v -19.99990081787109 -4 -7.99989986419678
v -8 -0.48400071263313 12.75
v -11.88619995117188 -0.01600001938641 12.75
v -8 -0.48400071263313 12.25
v -11.88619995117188 -0.01600001938641 12.25
v -8 -0.0000004768371 12.73400020599365
v -8 -0.01600047945976 12.75
v -10.12569999694824 -0.50000041723251 12.73400020599365
v -8 -0.50000071525574 12.73400020599365
v -10.12569999694824 -0.50000041723251 12.26599979400635
v -8 -0.50000071525574 12.26599979400635
v -10.15715980529785 -0.49585929512978 12.73400020599365
v -10.15715980529785 -0.49585929512978 12.26599979400635
v -8 -0.01600047945976 12.25
v -8 -0.0000004768371 12.26599979400635
v -11.99227046966553 -0.00414110720158 12.26599979400635
v -10.13959980010986 -0.48400041460991 12.25
v -10.13959980010986 -0.48400041460991 12.75
v -11.99227046966553 -0.00414110720158 12.73400020599365
v -20 -2.84235906600952 -11.97595977783203
v -24 -2.96751689910889 -11.97595977783203
v -23.99990081787109 -3.00009989738464 -11.99985027313232
v -20 -2.82063293457031 -12
v -24 -2.84235906600952 -11.97595977783203
v -24 -2.82063293457031 -12
v -3.99990010261536 -4 8.00010013580322
v -3.99990010261536 -4 4.00010013580322
v -24.00009918212891 -4 -4.00010013580322
v -10.12569999694824 -0.50000041723251 11.73400020599365
v -10.12569999694824 -0.50000041723251 11.26599979400635
v -10.13959980010986 -0.48400041460991 11.25
v -8 -0.48400071263313 11.25
v -8 -0.0000004768371 11.73400020599365
v -8 -0.01600047945976 11.75
v -10.13959980010986 -0.48400041460991 11.75
v -8 -0.48400071263313 11.75
v -8 -0.50000071525574 11.73400020599365
v -11.99227046966553 -0.00414110720158 11.73400020599365
v -10.15715980529785 -0.49585929512978 11.73400020599365
v -10.15715980529785 -0.49585929512978 11.26599979400635
v -8 -0.50000071525574 11.26599979400635
v -8 -0.01600047945976 11.25
v -8 -0.0000004768371 11.26599979400635
v -11.88619995117188 -0.01600001938641 11.25
v -11.99227046966553 -0.00414110720158 11.26599979400635
v -11.88619995117188 -0.01600001938641 11.75
v -20 -8.0001049041748 7.99989986419678
v -16.00009918212891 4 -0.00009989737737
v -20 -0.48400071263313 9.24999809265137
v -20 -0.50000071525574 9.73399829864502
v -20 -0.50000071525574 9.26599788665771
v -17.86039924621582 -0.48400041460991 9.74999809265137
v -16.00773048400879 -0.00414110720158 9.73399829864502
v -17.84284019470215 -0.49585929512978 9.26599788665771
v -17.84284019470215 -0.49585929512978 9.73399829864502
v -16.00773048400879 -0.00414110720158 9.26599788665771
v -20 -0.0000004768371 9.26599788665771
v -20 -0.01600047945976 9.24999809265137
v -17.86039924621582 -0.48400041460991 9.24999809265137
v -20 -0.48400071263313 9.74999809265137
v -17.87430000305176 -0.50000041723251 9.73399829864502
v -17.87430000305176 -0.50000041723251 9.26599788665771
v -20 -0.01600047945976 9.74999809265137
v -20 -0.0000004768371 9.73399829864502
v -16.11380004882812 -0.01600001938641 9.74999809265137
v -16.11380004882812 -0.01600001938641 9.24999809265137
v -4 0.00009489058721 0.00009994042193
v -4 0.00009489058721 4.00010013580322
v -4 -4.0001049041748 0.00009994042921
v -11.88619995117188 -0.01600001938641 15.25
v -10.12569999694824 -0.50000041723251 15.23400020599365
v -10.13959980010986 -0.48400041460991 14.75
v -11.88619995117188 -0.01600001938641 14.75
v -10.15715980529785 -0.49585929512978 15.23400020599365
v -8 -0.0000004768371 15.23400020599365
v -8 -0.01600047945976 15.25
v -8 -0.50000071525574 15.23400020599365
v -8 -0.50000071525574 14.76599979400635
v -8 -0.48400071263313 14.75
v -10.12569999694824 -0.50000041723251 14.76599979400635
v -10.15715980529785 -0.49585929512978 14.76599979400635
v -8 -0.01600047945976 14.75
v -8 -0.0000004768371 14.76599979400635
v -11.99227046966553 -0.00414110720158 14.76599979400635
v -10.13959980010986 -0.48400041460991 15.25
v -8 -0.48400071263313 15.25
v -11.99227046966553 -0.00414110720158 15.23400020599365
v -24.00009918212891 0.00000078548351 -4.00010013580322
v -24.00009918212891 -4 0.00009965897334
v -15.99989986419678 -2.75815010070801 -11.98851013183594
v -15.99989986419678 -2.36936688423157 -11.91458988189697
v -19.99990081787109 -2.16834688186646 -11.84582996368408
v -15.99989986419678 -2.01136803627014 -11.77737998962402
v -15.99989986419678 -1.85204899311066 -11.69536972045898
v -15.99989986419678 -1.6107360124588 -11.54722023010254
v -15.99989986419678 -1.40876698493958 -11.39533042907715
v -15.99989986419678 -1.21920597553253 -11.22332954406738
v -19.99990081787109 -0.50313210487366 -10.22441005706787
v -19.99990081787109 -0.36128118634224 -9.90777778625488
v -19.99990081787109 -0.22846150398254 -9.53058624267578
v -19.99990081787109 -0.10909870266914 -9.07908153533936
v -19.99990081787109 -0.038365598768 -8.66072654724121
v -7.99989986419678 -4 4.00010013580322
v -24 -0.48400071263313 -0.25000020861626
v -24 -0.50000071525574 0.23400020599365
v -24 -0.50000071525574 -0.23400020599365
v -24 -0.01600047945976 0.25000020861626
v -21.86039924621582 -0.48400041460991 0.25000020861626
v -24 -0.48400071263313 0.25000020861626
v -20.00773048400879 -0.00414110720158 -0.23400020599365
v -20.00773048400879 -0.00414110720158 0.23400020599365
v -21.84284019470215 -0.49585929512978 -0.23400020599365
v -21.84284019470215 -0.49585929512978 0.23400020599365
v -24 -0.0000004768371 -0.23400020599365
v -24 -0.01600047945976 -0.25000020861626
v -21.86039924621582 -0.48400041460991 -0.25000020861626
v -21.87430000305176 -0.50000041723251 0.23400020599365
v -21.87430000305176 -0.50000041723251 -0.23400020599365
v -24 -0.0000004768371 0.23400020599365
v -20.11380004882812 -0.01600001938641 0.25000020861626
v -20.11380004882812 -0.01600001938641 -0.25000020861626
v -7.99990081787109 -0.00009989737737 -7.99999094009399
v -20.00001907348633 4.00009489059448 -0.00008098615217
v -15.99989986419678 4 -3.99990010261536
v -20 4.00009489059448 -3.99989795684814
v -7.99989986419678 -8.00000095367432 20.00009918212891
v -19.99990081787109 -4 -12.00010013580322
v -4.5 -4 3.53200006484985
v -4.5 -4 4.46799993515015
v -3.53200006484985 -4 4.5
v -3.5 0 3.53200006484985
v -3.5 -4 3.53200006484985
v -4.46799993515015 0 3.5
v -3.53200006484985 -4 3.5
v -3.53200006484985 0 3.5
v -4.46799993515015 -4 3.5
v -4.5 0 3.53200006484985
v -4.5 0 4.46799993515015
v -4.46799993515015 -4 4.5
v -4.46799993515015 0 4.5
v -3.53200006484985 0 4.5
v -3.5 -4 4.46799993515015
v -3.5 0 4.46799993515015
v -24 -0.48400071263313 5.75
v -20.11380004882812 -0.01600001938641 5.75
v -21.87430000305176 -0.50000041723251 5.76599979400635
v -21.87430000305176 -0.50000041723251 6.23400020599365
v -21.86039924621582 -0.48400041460991 6.25
v -24 -0.48400071263313 6.25
v -20.11380004882812 -0.01600001938641 6.25
v -20.00773048400879 -0.00414110720158 5.76599979400635
v -20.00773048400879 -0.00414110720158 6.23400020599365
v -21.84284019470215 -0.49585929512978 5.76599979400635
v -21.84284019470215 -0.49585929512978 6.23400020599365
v -24 -0.0000004768371 5.76599979400635
v -24 -0.01600047945976 5.75
v -21.86039924621582 -0.48400041460991 5.75
v -24 -0.50000071525574 5.76599979400635
v -24 -0.50000071525574 6.23400020599365
v -24 -0.01600047945976 6.25
v -24 -0.0000004768371 6.23400020599365
v -15.99989986419678 4 -8.00010013580322
v -20 -0.48400071263313 15.25
v -17.87430000305176 -0.50000041723251 15.73400020599365
v -17.86039924621582 -0.48400041460991 15.75
v -20 -0.48400071263313 15.75
v -20 -0.0000004768371 15.26599979400635
v -20 -0.01600047945976 15.25
v -17.87430000305176 -0.50000041723251 15.26599979400635
v -20 -0.50000071525574 15.26599979400635
v -17.84284019470215 -0.49585929512978 15.26599979400635
v -17.84284019470215 -0.49585929512978 15.73400020599365
v -20 -0.50000071525574 15.73400020599365
v -16.00773048400879 -0.00414110720158 15.73400020599365
v -16.11380004882812 -0.01600001938641 15.75
v -20 -0.01600047945976 15.75
v -20 -0.0000004768371 15.73400020599365
v -17.86039924621582 -0.48400041460991 15.25
v -16.11380004882812 -0.01600001938641 15.25
v -16.00773048400879 -0.00414110720158 15.26599979400635
v -20.00009918212891 -8.00000095367432 20.00009918212891
v -12.25 -3.88619494438171 19.98399925231934
v -12.26599979400635 -0.00000166893005 20
v -12.25 -0.00000166893005 19.98399925231934
v -12.25 -2.1395959854126 19.51600074768066
v -12.26599979400635 -0.00000166893005 19.5
v -12.26599979400635 -3.9922730922699 19.99585914611816
v -12.73400020599365 -2.1571569442749 19.50414085388184
v -12.73400020599365 -2.12570190429688 19.5
v -12.75 -2.1395959854126 19.51600074768066
v -12.73400020599365 -0.00000166893005 19.5
v -12.75 -0.00000166893005 19.51600074768066
v -12.26599979400635 -2.1571569442749 19.50414085388184
v -12.26599979400635 -2.12570190429688 19.5
v -12.75 -0.00000166893005 19.98399925231934
v -12.73400020599365 -0.00000166893005 20
v -12.75 -3.88619494438171 19.98399925231934
v -12.73400020599365 -3.9922730922699 19.99585914611816
v -12.25 -0.00000166893005 19.51600074768066
v -4.03422117233276 0 -4.52210521697998
v -4.03422117233276 4 -4.52210521697998
v -4.13629722595215 0 -5.03527593612671
v -4.13629722595215 4 -5.03527593612671
v -4.30448198318481 0 -5.53073406219482
v -4.30448198318481 4 -5.53073406219482
v -4.53589820861816 0 -6
v -4.53589820861816 4 -6
v -4.8265872001648 4 -6.43504619598389
v -5.17157316207886 0 -6.82842683792114
v -5.17157316207886 4 -6.82842683792114
v -5.56495380401611 0 -7.17341279983521
v -5.56495380401611 4 -7.17341279983521
v -6 0 -7.46410179138184
v -6 4 -7.46410179138184
v -6.46926593780518 0 -7.69551801681519
v -6.46926593780518 4 -7.69551801681519
v -6.96472406387329 4 -7.86370277404785
v -7.47789478302002 4 -7.96577882766724
v -3.99989795684814 4 -4.00010013580322
v -15.25 -0.4839999973774 20
v -15.25 -0.01600000075996 16.11380004882812
v -15.25 -0.01600000075996 20
v -14.76599979400635 -0.5 20
v -14.75 -0.4839999973774 20
v -15.23400020599365 -0 20
v -15.23400020599365 -0.5 17.87430000305176
v -15.23400020599365 -0.5 20
v -15.23400020599365 -0.00414110487327 16.00773048400879
v -15.23400020599365 -0.49585890769958 17.84284019470215
v -14.76599979400635 -0.5 17.87430000305176
v -14.76599979400635 -0.49585890769958 17.84284019470215
v -14.75 -0.01600000075996 20
v -14.75 -0.01600000075996 16.11380004882812
v -14.76599979400635 -0 20
v -14.76599979400635 -0.00414110487327 16.00773048400879
v -14.75 -0.4839999973774 17.86039924621582
v -15.25 -0.4839999973774 17.86039924621582
v -19.98399925231934 -0.00000166893005 15.25
v -19.98399925231934 -0.00000166893005 14.75
v -19.51600074768066 -2.1395959854126 14.75
v -19.99585914611816 -3.9922730922699 15.23400020599365
v -19.99585914611816 -3.9922730922699 14.76599979400635
v -20 -0.00000166893005 15.23400020599365
v -19.51600074768066 -2.1395959854126 15.25
v -19.5 -0.00000166893005 15.23400020599365
v -19.5 -0.00000166893005 14.76599979400635
v -19.51600074768066 -0.00000166893005 14.75
v -19.5 -2.12570190429688 14.76599979400635
v -19.50414085388184 -2.1571569442749 15.23400020599365
v -19.5 -2.12570190429688 15.23400020599365
v -19.50414085388184 -2.1571569442749 14.76599979400635
v -20 -0.00000166893005 14.76599979400635
v -19.98399925231934 -3.88619494438171 14.75
v -19.98399925231934 -3.88619494438171 15.25
v -19.51600074768066 -0.00000166893005 15.25
v -15.99979972839355 -8 20
v -16 -3.99990510940552 16.00009918212891
v -15.99979972839355 -4 20
v -20 -3.99990510940552 11.99989986419678
v -20.00009918212891 0.00000055157511 12.00010013580322
v -19.99999046325684 -3.99990510940552 16.00009918212891
v -15.99989986419678 -4 0.00009989737737
v -19.99990081787109 -4 3.99990010261536
v -19.99990081787109 -4 8.00010013580322
v -3.99989700317383 4 4.00010013580322
v -19.51600074768066 -0.00000166893005 9.25
v -19.98399925231934 -3.88619494438171 9.25
v -19.98399925231934 -0.00000166893005 9.25
v -19.5 -0.00000166893005 8.76599979400635
v -19.5 -0.00000166893005 9.23400020599365
v -19.99585914611816 -3.9922730922699 8.76599979400635
v -19.50414085388184 -2.1571569442749 8.76599979400635
v -20 -0.00000166893005 9.23400020599365
v -19.99585914611816 -3.9922730922699 9.23400020599365
v -19.50414085388184 -2.1571569442749 9.23400020599365
v -19.51600074768066 -0.00000166893005 8.75
v -19.5 -2.12570190429688 8.76599979400635
v -19.5 -2.12570190429688 9.23400020599365
v -19.98399925231934 -3.88619494438171 8.75
v -19.98399925231934 -0.00000166893005 8.75
v -20 -0.00000166893005 8.76599979400635
v -19.51600074768066 -2.1395959854126 8.75
v -19.51600074768066 -2.1395959854126 9.25
v -16.75 3.99999809265137 -7.98400020599365
v -16.26600074768066 1.87429797649384 -7.5
v -16.25 3.99999809265137 -7.98400020599365
v -16.25 0.11380469799042 -7.98400020599365
v -16.75 0.11380469799042 -7.98400020599365
v -16.26600074768066 0.00772740598768 -7.99585914611816
v -16.26600074768066 1.8428430557251 -7.50414085388184
v -16.73399925231934 3.99999809265137 -8
v -16.73399925231934 0.00772740598768 -7.99585914611816
v -16.73399925231934 1.8428430557251 -7.50414085388184
v -16.73399925231934 3.99999809265137 -7.5
v -16.75 1.8604040145874 -7.51599979400635
v -16.25 1.8604040145874 -7.51599979400635
v -16.26600074768066 3.99999809265137 -7.5
v -16.25 3.99999809265137 -7.51599979400635
v -16.73399925231934 1.87429797649384 -7.5
v -16.26600074768066 3.99999809265137 -8
v -16.75 3.99999809265137 -7.51599979400635
v -24.00009918212891 0.00000034542421 8.00010013580322
v -16.11380004882812 -0.01600001938641 11.25
v -20 -0.50000071525574 11.73400020599365
v -17.87430000305176 -0.50000041723251 11.26599979400635
v -20 -0.50000071525574 11.26599979400635
v -17.87430000305176 -0.50000041723251 11.73400020599365
v -16.00773048400879 -0.00414110720158 11.26599979400635
v -16.00773048400879 -0.00414110720158 11.73400020599365
v -20 -0.0000004768371 11.26599979400635
v -20 -0.01600047945976 11.25
v -17.84284019470215 -0.49585929512978 11.73400020599365
v -20 -0.48400071263313 11.75
v -17.84284019470215 -0.49585929512978 11.26599979400635
v -16.11380004882812 -0.01600001938641 11.75
v -20 -0.01600047945976 11.75
v -20 -0.0000004768371 11.73400020599365
v -17.86039924621582 -0.48400041460991 11.75
v -20 -0.48400071263313 11.25
v -17.86039924621582 -0.48400041460991 11.25
v -4.03422117233276 -4 -4.52210521697998
v -4.13629722595215 -4 -5.03527593612671
v -4.30448198318481 -4 -5.53073406219482
v -4.53589820861816 -4 -6
v -4.8265872001648 -4 -6.43504619598389
v -4.8265872001648 0 -6.43504619598389
v -5.17157316207886 -4 -6.82842683792114
v -5.56495380401611 -4 -7.17341279983521
v -6 -4 -7.46410179138184
v -6.46926593780518 -4 -7.69551801681519
v -6.96472406387329 -4 -7.86370277404785
v -6.96472406387329 0 -7.86370277404785
v -7.47789478302002 -4 -7.96577882766724
v -7.47789478302002 0 -7.96577882766724
v -4 0.00009489058721 -4.00010204315186
v -8 -0.50000071525574 16.23399925231934
v -10.12569999694824 -0.50000041723251 15.76599979400635
v -10.13959980010986 -0.48400041460991 15.75
v -8 -0.48400071263313 15.75
v -11.88619995117188 -0.01600001938641 15.75
v -10.15715980529785 -0.49585929512978 16.23399925231934
v -10.15715980529785 -0.49585929512978 15.76599979400635
v -8 -0.0000004768371 16.23399925231934
v -8 -0.01600047945976 16.25
v -8 -0.48400071263313 16.25
v -8 -0.50000071525574 15.76599979400635
v -10.12569999694824 -0.50000041723251 16.23399925231934
v -8 -0.01600047945976 15.75
v -8 -0.0000004768371 15.76599979400635
v -11.99227046966553 -0.00414110720158 15.76599979400635
v -11.88619995117188 -0.01600001938641 16.25
v -10.13959980010986 -0.48400041460991 16.25
v -11.99227046966553 -0.00414110720158 16.23399925231934
v -18.25 0.11380469799042 -7.98400020599365
v -17.76600074768066 3.99999809265137 -7.5
v -17.76600074768066 1.87429797649384 -7.5
v -17.75 3.99999809265137 -7.98400020599365
v -17.75 3.99999809265137 -7.51599979400635
v -17.76600074768066 1.8428430557251 -7.50414085388184
v -18.23399925231934 3.99999809265137 -8
v -18.25 3.99999809265137 -7.98400020599365
v -18.23399925231934 0.00772740598768 -7.99585914611816
v -18.25 1.8604040145874 -7.51599979400635
v -18.23399925231934 1.87429797649384 -7.5
v -18.23399925231934 3.99999809265137 -7.5
v -18.23399925231934 1.8428430557251 -7.50414085388184
v -17.76600074768066 0.00772740598768 -7.99585914611816
v -17.75 0.11380469799042 -7.98400020599365
v -17.76600074768066 3.99999809265137 -8
v -17.75 1.8604040145874 -7.51599979400635
v -18.25 3.99999809265137 -7.51599979400635
v -7.99989891052246 -4 -0.00009989737737
v -19.99990081787109 -2.54987406730652 -11.95823955535889
v -23.99990081787109 -2.75815010070801 -11.98851013183594
v -23.99990081787109 -2.54987406730652 -11.95823955535889
v -19.99990081787109 -2.75815010070801 -11.98851013183594
v -19.99990081787109 -2.36936688423157 -11.91458988189697
v -23.99990081787109 -2.36936688423157 -11.91458988189697
v -23.99990081787109 -2.16834688186646 -11.84582996368408
v -19.99990081787109 -2.01136803627014 -11.77737998962402
v -23.99990081787109 -2.01136803627014 -11.77737998962402
v -19.99990081787109 -1.85204994678497 -11.69536972045898
v -23.99990081787109 -1.85204899311066 -11.69536972045898
v -19.99990081787109 -1.6107360124588 -11.54722023010254
v -23.99990081787109 -1.6107360124588 -11.54722023010254
v -19.99990081787109 -1.40876698493958 -11.39533042907715
v -23.99990081787109 -1.40876698493958 -11.39533042907715
v -19.99990081787109 -1.21920597553253 -11.22332954406738
v -23.99990081787109 -1.21920597553253 -11.22332954406738
v -19.99990081787109 -1.05587697029114 -11.04837989807129
v -23.99990081787109 -1.05587697029114 -11.04837989807129
v -19.99990081787109 -0.87877959012985 -10.82828044891357
v -23.99990081787109 -0.87877941131592 -10.82828044891357
v -19.99990081787109 -0.66824817657471 -10.52031993865967
v -23.99990081787109 -0.66824817657471 -10.52031993865967
v -23.99990081787109 -0.50313210487366 -10.22441005706787
v -23.99990081787109 -0.36128088831902 -9.90777778625488
v -23.99990081787109 -0.22846150398254 -9.5305871963501
v -23.99990081787109 -0.10909820348024 -9.07908344268799
v -23.99990081787109 -0.038365598768 -8.66072845458984
v -19.99990081787109 -0.01040816027671 -8.35380554199219
v -23.99990081787109 -0.01040816027671 -8.35380744934082
v -23.9997501373291 0 -7.9998779296875
v -7.99989700317383 0.00000056245199 12.00010013580322
v -7.99989986419678 -4 8.00010013580322
v -8.00000953674316 -3.99990510940552 11.99989986419678
v -7.99989891052246 -8 7.99989986419678
v -23.9997501373291 -2.5497739315033 -4.04361009597778
v -23.9997501373291 -2.36926698684692 -4.08725690841675
v -23.9997501373291 -2.16824698448181 -4.15602397918701
v -23.9997501373291 -1.2191059589386 -4.77851915359497
v -23.9997501373291 -1.0557769536972 -4.95347499847412
v -23.9997501373291 -0.87867951393127 -5.17357015609741
v -23.9997501373291 -0.36118099093437 -6.09407186508179
v -23.9997501373291 -0.10899829864502 -6.92276811599731
v -23.9997501373291 -3 -4.00199699401855
v -23.9997501373291 -2.75804996490479 -3.99000000953674
v -23.9997501373291 -2.75804996490479 -4.01333522796631
v -23.9997501373291 -2.01126790046692 -4.2244701385498
v -23.9997501373291 -1.85194897651672 -4.30647897720337
v -23.9997501373291 -1.61063599586487 -4.45462894439697
v -23.9997501373291 -1.40866696834564 -4.60652208328247
v -23.9997501373291 -0.66814798116684 -5.48152780532837
v -23.9997501373291 -0.50416970252991 -5.77539777755737
v -23.9997501373291 -0.22836139798164 -6.47126388549805
v -23.9997501373291 -0.03826547041535 -7.34112405776978
v -23.9997501373291 -0.01030803006142 -7.6480450630188
v -23.9997501373291 -3 -3.99000000953674
v -24.00009918212891 0.00000078548351 3.99990010261536
v -24.00009918212891 0.00000078548351 -0.00009965897334
v -8 -2.84235906600952 -11.97595977783203
v -8 -2.96751689910889 -11.97595977783203
v -8 -2.82063293457031 -12
v -12 -2.82063293457031 -12
v -10.75 3.99999809265137 -7.51599979400635
v -10.75 0.11380469799042 -7.98400020599365
v -10.75 3.99999809265137 -7.98400020599365
v -10.73400020599365 1.87429797649384 -7.5
v -10.73400020599365 0.00772740598768 -7.99585914611816
v -10.73400020599365 3.99999809265137 -8
v -10.73400020599365 1.8428430557251 -7.50414085388184
v -10.73400020599365 3.99999809265137 -7.5
v -10.25 1.8604040145874 -7.51599979400635
v -10.26599979400635 3.99999809265137 -7.5
v -10.25 3.99999809265137 -7.51599979400635
v -10.26599979400635 1.87429797649384 -7.5
v -10.26599979400635 0.00772740598768 -7.99585914611816
v -10.25 0.11380469799042 -7.98400020599365
v -10.25 3.99999809265137 -7.98400020599365
v -10.26599979400635 3.99999809265137 -8
v -10.26599979400635 1.8428430557251 -7.50414085388184
v -10.75 1.8604040145874 -7.51599979400635
v -3.99989795684814 4 -8.00010013580322
v -12.00010013580322 -4 -4.00010013580322
v -12.00010013580322 4 -8.00010013580322
v -12.00010013580322 4 -4.00010013580322
v -24.00009918212891 -4 8.00009918212891
v -24.00009918212891 4 0.00009989737737
v -24.00009918212891 4 -4.00010013580322
v -11.99989986419678 -4.0001049041748 24
v -11.99989986419678 0.00009489058721 24
v -13.75 3.99999809265137 -7.98400020599365
v -13.26599979400635 3.99999809265137 -7.5
v -13.25 3.99999809265137 -7.98400020599365
v -13.26599979400635 0.00772740598768 -7.99585914611816
v -13.73400020599365 1.8428430557251 -7.50414085388184
v -13.73400020599365 3.99999809265137 -8
v -13.73400020599365 0.00772740598768 -7.99585914611816
v -13.75 3.99999809265137 -7.51599979400635
v -13.73400020599365 1.87429797649384 -7.5
v -13.73400020599365 3.99999809265137 -7.5
v -13.26599979400635 1.87429797649384 -7.5
v -13.25 1.8604040145874 -7.51599979400635
v -13.25 3.99999809265137 -7.51599979400635
v -13.26599979400635 1.8428430557251 -7.50414085388184
v -13.25 0.11380469799042 -7.98400020599365
v -13.26599979400635 3.99999809265137 -8
v -13.75 1.8604040145874 -7.51599979400635
v -13.75 0.11380469799042 -7.98400020599365
v -7.99989986419678 0.00009489058721 -12.00002002716064
v -7.99989986419678 -4.0001049041748 -12.00002002716064
v -11.99999046325684 -3.99990510940552 16.00009918212891
v -20 4.00009489059448 -8.00010013580322
v -20 -0.00010498890333 -8.00010013580322
v -7.99989795684814 4 -8.00010013580322
v -8.00010299682617 4 -4.00010013580322
v -24.00009918212891 0.00009489058721 -12
v -24.00009918212891 -4 -12.00010013580322
v -7.99989700317383 0.00000056245199 20.00009918212891
v -14.76599979400635 3.99999809265137 -7.5
v -15.23400020599365 1.87429797649384 -7.5
v -15.23400020599365 3.99999809265137 -7.5
v -14.75 3.99999809265137 -7.98400020599365
v -14.75 1.8604040145874 -7.51599979400635
v -14.75 3.99999809265137 -7.51599979400635
v -14.75 0.11380469799042 -7.98400020599365
v -15.23400020599365 1.8428430557251 -7.50414085388184
v -15.23400020599365 3.99999809265137 -8
v -15.25 3.99999809265137 -7.98400020599365
v -15.23400020599365 0.00772740598768 -7.99585914611816
v -15.25 1.8604040145874 -7.51599979400635
v -15.25 3.99999809265137 -7.51599979400635
v -14.76599979400635 1.87429797649384 -7.5
v -14.76599979400635 1.8428430557251 -7.50414085388184
v -14.76599979400635 0.00772740598768 -7.99585914611816
v -14.76599979400635 3.99999809265137 -8
v -15.25 0.11380469799042 -7.98400020599365
v -11.99989986419678 0.00000056245199 16.00009918212891
v -4.5 0 0.46800011396408
v -4.5 0 -0.46800020337105
v -4.46799993515015 -4 0.50000011920929
v -4.46799993515015 0 0.50000011920929
v -3.53200006484985 -4 0.50000017881393
v -3.5 0 -0.46800011396408
v -3.5 -4 0.46800020337105
v -3.5 0 0.46800020337105
v -3.5 -4 -0.46800011396408
v -3.53200006484985 0 -0.50000011920929
v -4.46799993515015 0 -0.50000017881393
v -4.5 -4 -0.46800020337105
v -4.46799993515015 -4 -0.50000017881393
v -4.5 -4 0.46800011396408
v -3.53200006484985 0 0.50000017881393
v -3.53200006484985 -4 -0.50000011920929
v -20 -0.50000071525574 12.73400020599365
v -20 -0.50000071525574 12.26599979400635
v -20 -0.01600047945976 12.75
v -20 -0.0000004768371 12.26599979400635
v -20 -0.01600047945976 12.25
v -17.87430000305176 -0.50000041723251 12.26599979400635
v -16.00773048400879 -0.00414110720158 12.26599979400635
v -17.86039924621582 -0.48400041460991 12.25
v -17.84284019470215 -0.49585929512978 12.26599979400635
v -17.84284019470215 -0.49585929512978 12.73400020599365
v -17.87430000305176 -0.50000041723251 12.73400020599365
v -17.86039924621582 -0.48400041460991 12.75
v -20 -0.48400071263313 12.75
v -16.11380004882812 -0.01600001938641 12.75
v -20 -0.0000004768371 12.73400020599365
v -16.00773048400879 -0.00414110720158 12.73400020599365
v -20 -0.48400071263313 12.25
v -16.11380004882812 -0.01600001938641 12.25
v -8.48400020599365 -0.00000166893005 15.25
v -8.01599979400635 -0.00000166893005 15.25
v -8.5 -0.00000166893005 15.73400020599365
v -8.48400020599365 -2.1395959854126 15.75
v -8.48400020599365 -0.00000166893005 15.75
v -8.01599979400635 -3.88619494438171 15.75
v -8.01599979400635 -3.88619494438171 15.25
v -8 -0.00000166893005 15.26599979400635
v -8.00414085388184 -3.9922730922699 15.26599979400635
v -8.5 -0.00000166893005 15.26599979400635
v -8.49585914611816 -2.1571569442749 15.73400020599365
v -8.5 -2.12570190429688 15.73400020599365
v -8.49585914611816 -2.1571569442749 15.26599979400635
v -8.5 -2.12570190429688 15.26599979400635
v -8.01599979400635 -0.00000166893005 15.75
v -8 -0.00000166893005 15.73400020599365
v -8.00414085388184 -3.9922730922699 15.73400020599365
v -8.48400020599365 -2.1395959854126 15.25
v -20.00009918212891 0.00000055157511 20.00009918212891
v -12.25 3.99999809265137 -7.51599979400635
v -11.76599979400635 3.99999809265137 -7.5
v -11.75 3.99999809265137 -7.98400020599365
v -11.75 3.99999809265137 -7.51599979400635
v -11.75 0.11380469799042 -7.98400020599365
v -12.25 0.11380469799042 -7.98400020599365
v -12.23400020599365 0.00772740598768 -7.99585914611816
v -11.76599979400635 0.00772740598768 -7.99585914611816
v -12.23400020599365 3.99999809265137 -8
v -12.25 3.99999809265137 -7.98400020599365
v -12.23400020599365 1.8428430557251 -7.50414085388184
v -12.23400020599365 1.87429797649384 -7.5
v -12.23400020599365 3.99999809265137 -7.5
v -12.25 1.8604040145874 -7.51599979400635
v -11.75 1.8604040145874 -7.51599979400635
v -11.76599979400635 1.87429797649384 -7.5
v -11.76599979400635 1.8428430557251 -7.50414085388184
v -11.76599979400635 3.99999809265137 -8
v -16 -8.0001049041748 16.00009918212891
v -20 -8.0001049041748 11.99989986419678
v -16.00000953674316 -8.0001049041748 11.99989986419678
v -15.99989986419678 -4 3.99990010261536
v -4.5 0 -3.53200006484985
v -4.5 -4 -4.46799993515015
v -4.5 0 -4.46799993515015
v -4.5 -4 -3.53200006484985
v -3.53200006484985 0 -3.5
v -4.46799993515015 -4 -3.5
v -4.46799993515015 0 -3.5
v -4.46799993515015 0 -4.5
v -4.46799993515015 -4 -4.5
v -3.5 -4 -3.53200006484985
v -3.53200006484985 -4 -3.5
v -3.5 0 -3.53200006484985
v -3.5 0 -4.46799993515015
v -3.53200006484985 -4 -4.5
v -3.5 -4 -4.46799993515015
v -3.53200006484985 0 -4.5
v -12.00010013580322 -4 4.00010013580322
v -8.5 -0.50000071525574 9.26599788665771
v -8.5 -0.50000071525574 9.73399829864502
v -12.49227046966553 -0.00414110720158 9.26599788665771
v -12.38619995117188 -0.01600001938641 9.74999809265137
v -8.5 -0.0000004768371 9.73399829864502
v -8.5 -0.01600047945976 9.74999809265137
v -10.62569999694824 -0.50000041723251 9.73399829864502
v -10.65715980529785 -0.49585929512978 9.73399829864502
v -8.5 -0.48400071263313 9.74999809265137
v -10.63959980010986 -0.48400041460991 9.74999809265137
v -10.62569999694824 -0.50000041723251 9.26599788665771
v -10.63959980010986 -0.48400041460991 9.24999809265137
v -8.5 -0.48400071263313 9.24999809265137
v -10.65715980529785 -0.49585929512978 9.26599788665771
v -12.38619995117188 -0.01600001938641 9.24999809265137
v -8.5 -0.01600047945976 9.24999809265137
v -8.5 -0.0000004768371 9.26599788665771
v -12.49227046966553 -0.00414110720158 9.73399829864502
v -11.99999046325684 -3.99990510940552 12.00010013580322
v -11.99999046325684 -8.0001049041748 16.00009918212891
v -12.00010013580322 -8 7.99989986419678
v -12 -3.99990510940552 7.99989986419678
v -12.00010013580322 -8.00000095367432 12.00010013580322
v -20 -0.00010490680143 -3.99989795684814
v -19.99990081787109 0.00000032854359 -0.00009989737737
v -15.20005989074707 -4.00010013580322 20.00000953674316
v -15.1814603805542 -1.58923101425171 20.03001976013184
v -15.1814603805542 -4.00010013580322 20.03001976013184
v -15.1814603805542 -1.58923101425171 20.16330909729004
v -15.1814603805542 -4.00010013580322 20.16330909729004
v -12.79994010925293 -4.00010013580322 20.20001029968262
v -12.8185396194458 -1.58923101425171 20.16330909729004
v -12.79994010925293 -1.5557609796524 20.20001029968262
v -12.8185396194458 -4.00010013580322 20.16330909729004
v -12.8185396194458 -4.00010013580322 20.03001976013184
v -12.8185396194458 -1.58923101425171 20.03001976013184
v -15.99979972839355 0 20
v -12.79994010925293 -1.5557609796524 20.00000953674316
v -12.79994010925293 -4.00010013580322 20.00000953674316
v -15.16217994689941 -1.56933104991913 20.16330909729004
v -15.17580986022949 -1.57516002655029 20.16330909729004
v -12.83782005310059 -1.56933104991913 20.16330909729004
v -12.82419013977051 -1.57516002655029 20.16330909729004
v -15.16217994689941 -1.56933104991913 20.03001976013184
v -12.83782005310059 -1.56933104991913 20.03001976013184
v -15.17580986022949 -1.57516002655029 20.03001976013184
v -15.20005989074707 -1.5557609796524 20.00000953674316
v -12.82419013977051 -1.57516002655029 20.03001976013184
v -16.00009918212891 -4.00010013580322 20.20001029968262
v -15.20005989074707 -1.5557609796524 20.20001029968262
v -15.20005989074707 -4.00010013580322 20.20001029968262
v -16.00009918212891 0.00010013580322 20.20001029968262
v -11.99989986419678 0.00010013580322 20.20001029968262
v -11.99989986419678 -4.00010013580322 20.20001029968262
v -12 -2.84235906600952 -11.97595977783203
v -12 -2.96751689910889 -11.97595977783203
v -16 -2.84235906600952 -11.97595977783203
v -8.48400020599365 -0.00000166893005 8.75
v -8.5 -0.00000166893005 9.23400020599365
v -8.5 -2.12570190429688 8.76599979400635
v -8.5 -0.00000166893005 8.76599979400635
v -8.5 -2.12570190429688 9.23400020599365
v -8.01599979400635 -3.88619494438171 9.25
v -8.00414085388184 -3.9922730922699 8.76599979400635
v -8.01599979400635 -3.88619494438171 8.75
v -8 -0.00000166893005 8.76599979400635
v -8.01599979400635 -0.00000166893005 8.75
v -8.49585914611816 -2.1571569442749 8.76599979400635
v -8.48400020599365 -2.1395959854126 9.25
v -8.49585914611816 -2.1571569442749 9.23400020599365
v -8.48400020599365 -0.00000166893005 9.25
v -8.01599979400635 -0.00000166893005 9.25
v -8.00414085388184 -3.9922730922699 9.23400020599365
v -8 -0.00000166893005 9.23400020599365
v -8.48400020599365 -2.1395959854126 8.75
v -8.01599979400635 -0.00000166893005 11.75
v -8.5 -0.00000166893005 12.23400020599365
v -8.5 -0.00000166893005 11.76599979400635
v -8.01599979400635 -0.00000166893005 12.25
v -8.01599979400635 -3.88619494438171 12.25
v -8.49585914611816 -2.1571569442749 11.76599979400635
v -8.00414085388184 -3.9922730922699 11.76599979400635
v -8 -0.00000166893005 11.76599979400635
v -8.5 -2.12570190429688 11.76599979400635
v -8.48400020599365 -0.00000166893005 12.25
v -8.5 -2.12570190429688 12.23400020599365
v -8.49585914611816 -2.1571569442749 12.23400020599365
v -8.00414085388184 -3.9922730922699 12.23400020599365
v -8 -0.00000166893005 12.23400020599365
v -8.48400020599365 -2.1395959854126 12.25
v -8.48400020599365 -2.1395959854126 11.75
v -8.48400020599365 -0.00000166893005 11.75
v -8.01599979400635 -3.88619494438171 11.75
v -16.00000953674316 -3.99990510940552 7.99989795684814
v -16.00000953674316 -8.0001049041748 7.99989795684814
v -19.96578025817871 0 16.52210998535156
v -19.86370086669922 0 17.03528022766113
v -19.69552040100098 0 17.53074073791504
v -19.4640998840332 0 18
v -19.17341041564941 0 18.43504905700684
v -18.82842063903809 0 18.82843017578125
v -18.43503952026367 0 19.17341995239258
v -18 -4 19.4640998840332
v -18 0 19.4640998840332
v -17.53072929382324 -4 19.69552040100098
v -17.53072929382324 0 19.69552040100098
v -17.03527069091797 -4 19.86370086669922
v -17.03527069091797 0 19.86370086669922
v -16.5221004486084 -4 19.96578025817871
v -16.5221004486084 0 19.96578025817871
v -16.00009918212891 -4.0001049041748 24
v -16.00009918212891 0.00009489058721 24
v -12.00010013580322 4 8.00010013580322
v -11.99989986419678 4 4.00010013580322
v -20.00009918212891 0.00009489058721 -12
v -20 4.00009489059448 3.99990010261536
v -20 -0.00010498890333 3.99990010261536
v -9.25 3.99999809265137 -7.51601123809814
v -9.25 3.99999809265137 -7.98401212692261
v -8.76599979400635 3.99999809265137 -7.50001096725464
v -8.76599979400635 1.87429797649384 -7.50001096725464
v -8.76599979400635 0.00772740598768 -7.9958701133728
v -9.25 0.11380469799042 -7.98401212692261
v -9.23400020599365 3.99999809265137 -8.0000114440918
v -9.23400020599365 0.00772740598768 -7.99587106704712
v -9.23400020599365 1.87429797649384 -7.50001096725464
v -9.23400020599365 1.8428430557251 -7.50415182113647
v -9.23400020599365 3.99999809265137 -7.50001096725464
v -9.25 1.8604040145874 -7.51601123809814
v -8.76599979400635 1.8428430557251 -7.50415182113647
v -8.75 1.8604040145874 -7.51601123809814
v -8.75 3.99999809265137 -7.51601123809814
v -8.75 3.99999809265137 -7.98401117324829
v -8.75 0.11380469799042 -7.98401117324829
v -8.76599979400635 3.99999809265137 -8.0000114440918
v -11.99989986419678 0.00000012239271 7.99989986419678
v -8.00010013580322 -4 -8.00010013580322
v -3.99989891052246 -4 -8.00010013580322
v -7.99989986419678 -2.54987406730652 -11.95825004577637
v -11.99989986419678 -2.75815010070801 -11.98851013183594
v -11.99989986419678 -2.54987406730652 -11.95823955535889
v -7.99989986419678 -2.75815010070801 -11.98853015899658
v -7.99989986419678 -2.36936688423157 -11.91460990905762
v -7.99989986419678 -2.16834688186646 -11.84584045410156
v -7.99989986419678 -2.01136803627014 -11.77740001678467
v -11.99989986419678 -2.01136803627014 -11.77737998962402
v -7.99989986419678 -3.00009989738464 -11.99987030029297
v -7.99989986419678 -1.85204994678497 -11.69538974761963
v -11.99989986419678 -1.85204994678497 -11.69536972045898
v -7.99989986419678 -1.6107360124588 -11.54724025726318
v -11.99989986419678 -1.6107360124588 -11.54722023010254
v -7.99989986419678 -1.40876698493958 -11.39533996582031
v -11.99989986419678 -1.40876698493958 -11.39533042907715
v -7.99989986419678 -1.21920597553253 -11.22334957122803
v -11.99989986419678 -1.21920597553253 -11.22332954406738
v -7.99989986419678 -1.05587697029114 -11.04839038848877
v -11.99989986419678 -1.05587697029114 -11.04837989807129
v -7.99989986419678 -0.87877959012985 -10.82828998565674
v -11.99989986419678 -0.87877959012985 -10.82828044891357
v -7.99989986419678 -0.66824817657471 -10.52033996582031
v -11.99989986419678 -0.66824817657471 -10.52031993865967
v -7.99989986419678 -0.50313210487366 -10.22443008422852
v -11.99989986419678 -0.50313210487366 -10.22441005706787
v -7.99989986419678 -0.36128118634224 -9.90779304504395
v -11.99989986419678 -0.36128118634224 -9.90777778625488
v -7.99989986419678 -0.22846150398254 -9.53060245513916
v -11.99989986419678 -0.22846150398254 -9.53058624267578
v -7.99989986419678 -0.10909870266914 -9.07909774780273
v -7.99989986419678 -0.038365598768 -8.66074180603027
v -7.99989986419678 -0.01040816027671 -8.35382080078125
v -11.99989986419678 -0.00009989737737 -7.99997615814209
v -16.00009918212891 -4.0001049041748 -12
v -16.00009918212891 -4 -8.00010013580322
v -15.99989986419678 0.00000056245199 16.00009918212891
v -11.99989986419678 0.00000056245199 12.00010013580322
v -15.99989986419678 0.00000056245199 12.00010013580322
v -24 -0.50000071525574 -3.76600003242493
v -21.87430000305176 -0.50000041723251 -4.23400020599365
v -24 -0.50000071525574 -4.23400020599365
v -21.87430000305176 -0.50000041723251 -3.76600003242493
v -21.86039924621582 -0.48400041460991 -3.75
v -24 -0.48400071263313 -3.75
v -20.11380004882812 -0.01600001938641 -4.25
v -20.00773048400879 -0.00414110720158 -3.76600003242493
v -21.84284019470215 -0.49585929512978 -3.76600003242493
v -24 -0.0000004768371 -4.23400020599365
v -24 -0.01600047945976 -4.25
v -21.84284019470215 -0.49585929512978 -4.23400020599365
v -24 -0.48400071263313 -4.25
v -20.00773048400879 -0.00414110720158 -4.23400020599365
v -20.11380004882812 -0.01600001938641 -3.75
v -24 -0.01600047945976 -3.75
v -24 -0.0000004768371 -3.76600003242493
v -21.86039924621582 -0.48400041460991 -4.25
v -11.99989986419678 -4 -8.00010013580322
v -24.00009918212891 -4 3.99990010261536
v -20.00009918212891 -4 -4.00010013580322
v -15.99989986419678 -4 -4.00010013580322
v -20.00009918212891 -4 0.00009965897334
v -15.73400020599365 -0.00000166893005 19.5
v -15.26599979400635 -0.00000166893005 19.5
v -15.75 -0.00000166893005 19.98399925231934
v -15.75 -2.1395959854126 19.51600074768066
v -15.75 -0.00000166893005 19.51600074768066
v -15.75 -3.88619494438171 19.98399925231934
v -15.26599979400635 -3.9922730922699 19.99585914611816
v -15.26599979400635 -2.1571569442749 19.50414085388184
v -15.26599979400635 -0.00000166893005 20
v -15.25 -0.00000166893005 19.98399925231934
v -15.26599979400635 -2.12570190429688 19.5
v -15.25 -2.1395959854126 19.51600074768066
v -15.73400020599365 -2.1571569442749 19.50414085388184
v -15.73400020599365 -2.12570190429688 19.5
v -15.73400020599365 -3.9922730922699 19.99585914611816
v -15.73400020599365 -0.00000166893005 20
v -15.25 -3.88619494438171 19.98399925231934
v -15.25 -0.00000166893005 19.51600074768066
v -20.00009918212891 0.00000055157511 16.00009918212891
v -3.99989700317383 4 0.00009965897334
v -8.00010013580322 -4 -4.00010013580322
v -20 4.00009489059448 8.00010108947754
v -16.00009918212891 4 4.00010013580322
v -20 -0.00010490680143 8.00010108947754
v -15.99989986419678 4.00009489059448 7.99998903274536
v -12.00010013580322 -4 -0.00009989737737
v -11.4778995513916 -8 19.96578025817871
v -11.4778995513916 -4 19.96578025817871
v -12.00020027160645 -8 20
v -10.96471977233887 -8 19.86370086669922
v -10.46926975250244 -8 19.69552040100098
v -10 -8 19.4640998840332
v -10 -4 19.4640998840332
v -9.56495380401611 -8 19.17341041564941
v -9.17157173156738 -8 18.82843017578125
v -9.17157173156738 -4 18.82843017578125
v -8.82658576965332 -8 18.43504905700684
v -8.53589725494385 -8 18
v -8.53589725494385 -4 18
v -8.30448055267334 -8 17.53074073791504
v -8.13629531860352 -8 17.03528022766113
v -8.03421974182129 -8 16.52210998535156
v -24 -0.01600047945976 1.75
v -24 -0.50000071525574 2.23399996757507
v -21.87430000305176 -0.50000041723251 1.76600003242493
v -21.87430000305176 -0.50000041723251 2.23399996757507
v -24 -0.01600047945976 2.25
v -24 -0.48400071263313 2.25
v -20.00773048400879 -0.00414110720158 2.23399996757507
v -20.00773048400879 -0.00414110720158 1.76600003242493
v -24 -0.0000004768371 1.76600003242493
v -24 -0.50000071525574 1.76600003242493
v -21.86039924621582 -0.48400041460991 1.75
v -21.86039924621582 -0.48400041460991 2.25
v -21.84284019470215 -0.49585929512978 1.76600003242493
v -21.84284019470215 -0.49585929512978 2.23399996757507
v -20.11380004882812 -0.01600001938641 2.25
v -24 -0.0000004768371 2.23399996757507
v -24 -0.48400071263313 1.75
v -20.11380004882812 -0.01600001938641 1.75
v -12.25 -0.01600000075996 20
v -11.76599979400635 -0.5 20
v -11.76599979400635 -0.5 17.87430000305176
v -12.23400020599365 -0.00414110487327 16.00773048400879
v -12.25 -0.01600000075996 16.11380004882812
v -12.23400020599365 -0 20
v -12.23400020599365 -0.49585890769958 17.84284019470215
v -12.25 -0.4839999973774 17.86039924621582
v -12.23400020599365 -0.5 17.87430000305176
v -12.23400020599365 -0.5 20
v -11.75 -0.4839999973774 20
v -11.75 -0.01600000075996 20
v -11.76599979400635 -0 20
v -11.76599979400635 -0.49585890769958 17.84284019470215
v -11.75 -0.01600000075996 16.11380004882812
v -11.76599979400635 -0.00414110487327 16.00773048400879
v -11.75 -0.4839999973774 17.86039924621582
v -12.25 -0.4839999973774 20
v -3.99990010261536 4.00009489059448 7.99998903274536
v -3.99990010261536 -0.00010496639879 7.99998903274536
v -19.96578025817871 -8 16.52210998535156
v -19.96578025817871 -4 16.52210998535156
v -19.99999046325684 -8.0001049041748 16.00009918212891
v -19.86370086669922 -8 17.03528022766113
v -19.86370086669922 -4 17.03528022766113
v -19.69552040100098 -8 17.53074073791504
v -19.69552040100098 -4 17.53074073791504
v -19.4640998840332 -8 18
v -19.4640998840332 -4 18
v -19.17341041564941 -8 18.43504905700684
v -19.17341041564941 -4 18.43504905700684
v -18.82842063903809 -8 18.82843017578125
v -18.82842063903809 -4 18.82843017578125
v -18.43503952026367 -8 19.17341995239258
v -18.43503952026367 -4 19.17341995239258
v -18 -8 19.4640998840332
v -17.53072929382324 -8 19.69552040100098
v -17.03527069091797 -8 19.86370086669922
v -16.5221004486084 -8 19.96578025817871
v -20 -0.01600047945976 14.25
v -17.87430000305176 -0.50000041723251 14.26599979400635
v -20 -0.50000071525574 14.26599979400635
v -20 -0.01600047945976 14.75
v -20 -0.48400071263313 14.75
v -16.11380004882812 -0.01600001938641 14.75
v -16.11380004882812 -0.01600001938641 14.25
v -16.00773048400879 -0.00414110720158 14.73400020599365
v -17.84284019470215 -0.49585929512978 14.73400020599365
v -20 -0.0000004768371 14.26599979400635
v -20 -0.48400071263313 14.25
v -16.00773048400879 -0.00414110720158 14.26599979400635
v -17.86039924621582 -0.48400041460991 14.25
v -17.87430000305176 -0.50000041723251 14.73400020599365
v -20 -0.50000071525574 14.73400020599365
v -17.84284019470215 -0.49585929512978 14.26599979400635
v -20 -0.0000004768371 14.73400020599365
v -17.86039924621582 -0.48400041460991 14.75
v -15.99989986419678 0.00000012239271 7.99989986419678
v -20 -2.96751689910889 -11.97595977783203
v -16 -2.96751689910889 -11.97595977783203
v -20 -3 -12
v -15.99989986419678 -3.00009989738464 -11.99985027313232
v -16 -2.82063293457031 -12
v -16.00000953674316 -3.99990510940552 11.99989986419678
v -16.25 -0.4839999973774 20
v -15.76599979400635 -0.5 20
v -15.76599979400635 -0.5 17.87430000305176
v -16.25 -0.01600000075996 16.11380004882812
v -16.23399925231934 -0.00414110487327 16.00773048400879
v -15.76599979400635 -0.49585890769958 17.84284019470215
v -16.23399925231934 -0 20
v -16.25 -0.01600000075996 20
v -16.23399925231934 -0.5 17.87430000305176
v -16.25 -0.4839999973774 17.86039924621582
v -16.23399925231934 -0.5 20
v -15.75 -0.4839999973774 17.86039924621582
v -15.75 -0.4839999973774 20
v -16.23399925231934 -0.49585890769958 17.84284019470215
v -15.75 -0.01600000075996 16.11380004882812
v -15.75 -0.01600000075996 20
v -15.76599979400635 -0 20
v -15.76599979400635 -0.00414110487327 16.00773048400879
v -4 -4.0001049041748 -4.00010204315186
v -8.5 -0.48400071263313 8.74999809265137
v -12.38619995117188 -0.01600001938641 8.74999809265137
v -8.5 -0.50000071525574 8.26599788665771
v -8.5 -0.50000071525574 8.73399829864502
v -8.5 -0.48400071263313 8.24999809265137
v -8.5 -0.0000004768371 8.73399829864502
v -8.5 -0.01600047945976 8.74999809265137
v -12.49227046966553 -0.00414110720158 8.73399829864502
v -10.62569999694824 -0.50000041723251 8.26599788665771
v -10.65715980529785 -0.49585929512978 8.73399829864502
v -10.62569999694824 -0.50000041723251 8.73399829864502
v -10.65715980529785 -0.49585929512978 8.26599788665771
v -8.5 -0.01600047945976 8.24999809265137
v -8.5 -0.0000004768371 8.26599788665771
v -12.38619995117188 -0.01600001938641 8.24999809265137
v -12.49227046966553 -0.00414110720158 8.26599788665771
v -10.63959980010986 -0.48400041460991 8.24999809265137
v -10.63959980010986 -0.48400041460991 8.74999809265137
v -8 -8.0001049041748 16.00009918212891
v -7.99999904632568 -4 15.99979972839355
v -7.99989986419678 -8.00000095367432 12.00010013580322
v -11.4778995513916 0 19.96578025817871
v -10.96471977233887 -4 19.86370086669922
v -10.96471977233887 0 19.86370086669922
v -10.46926975250244 -4 19.69552040100098
v -10.46926975250244 0 19.69552040100098
v -10 0 19.4640998840332
v -9.56495380401611 -4 19.17341041564941
v -9.56495380401611 0 19.17341041564941
v -9.17157173156738 0 18.82843017578125
v -8.82658576965332 -4 18.43504905700684
v -8.82658576965332 0 18.43504905700684
v -8.53589725494385 0 18
v -8.30448055267334 -4 17.53074073791504
v -8.30448055267334 0 17.53074073791504
v -8.13629531860352 -4 17.03528022766113
v -8.13629531860352 0 17.03528022766113
v -8.03421974182129 -4 16.52210998535156
v -8.03421974182129 0 16.52210998535156
v -7.99999904632568 0 15.99979972839355
v -12.00020027160645 -4 20
v -12.00020027160645 0 20
v -12.76599979400635 -0.5 20
v -13.25 -0.01600000075996 16.11380004882812
v -13.23400020599365 -0.00414110487327 16.00773048400879
v -13.23400020599365 -0 20
v -13.25 -0.01600000075996 20
v -13.23400020599365 -0.49585890769958 17.84284019470215
v -13.25 -0.4839999973774 17.86039924621582
v -13.25 -0.4839999973774 20
v -13.23400020599365 -0.5 20
v -12.75 -0.4839999973774 20
v -12.76599979400635 -0.5 17.87430000305176
v -13.23400020599365 -0.5 17.87430000305176
v -12.76599979400635 -0.49585890769958 17.84284019470215
v -12.76599979400635 -0.00414110487327 16.00773048400879
v -12.75 -0.01600000075996 20
v -12.76599979400635 -0 20
v -12.75 -0.01600000075996 16.11380004882812
v -12.75 -0.4839999973774 17.86039924621582
v -11.99989986419678 0.00009489058721 -12
v -19.51600074768066 -0.00000166893005 12.25
v -19.98399925231934 -0.00000166893005 12.25
v -19.5 -2.12570190429688 12.23400020599365
v -19.5 -0.00000166893005 12.23400020599365
v -19.98399925231934 -3.88619494438171 12.25
v -20 -0.00000166893005 12.23400020599365
v -19.50414085388184 -2.1571569442749 12.23400020599365
v -19.51600074768066 -2.1395959854126 12.25
v -19.51600074768066 -2.1395959854126 11.75
v -19.5 -2.12570190429688 11.76599979400635
v -19.5 -0.00000166893005 11.76599979400635
v -19.51600074768066 -0.00000166893005 11.75
v -19.99585914611816 -3.9922730922699 11.76599979400635
v -19.98399925231934 -0.00000166893005 11.75
v -20 -0.00000166893005 11.76599979400635
v -19.50414085388184 -2.1571569442749 11.76599979400635
v -19.98399925231934 -3.88619494438171 11.75
v -19.99585914611816 -3.9922730922699 12.23400020599365
v -24 -0.48400071263313 -2.25
v -20.11380004882812 -0.01600001938641 -2.25
v -24 -0.50000071525574 -1.76600003242493
v -24 -0.50000071525574 -2.23399996757507
v -24 -0.01600047945976 -1.75
v -24 -0.48400071263313 -1.75
v -20.00773048400879 -0.00414110720158 -1.76600003242493
v -20.00773048400879 -0.00414110720158 -2.23399996757507
v -21.84284019470215 -0.49585929512978 -1.76600003242493
v -24 -0.0000004768371 -2.23399996757507
v -24 -0.01600047945976 -2.25
v -21.84284019470215 -0.49585929512978 -2.23399996757507
v -21.87430000305176 -0.50000041723251 -1.76600003242493
v -21.87430000305176 -0.50000041723251 -2.23399996757507
v -20.11380004882812 -0.01600001938641 -1.75
v -24 -0.0000004768371 -1.76600003242493
v -21.86039924621582 -0.48400041460991 -1.75
v -21.86039924621582 -0.48400041460991 -2.25
v -15.99989986419678 -2.54987406730652 -11.95823955535889
v -11.99989986419678 -2.36936688423157 -11.91458988189697
v -11.99989986419678 -2.16834688186646 -11.84582996368408
v -15.99989986419678 -2.16834688186646 -11.84582996368408
v -11.99989986419678 -3.00009989738464 -11.99985027313232
v -15.99989986419678 -1.05587697029114 -11.04837989807129
v -15.99989986419678 -0.87877941131592 -10.82828044891357
v -15.99989986419678 -0.66824817657471 -10.52031993865967
v -15.99989986419678 -0.50313210487366 -10.22441005706787
v -15.99989986419678 -0.36128088831902 -9.90777778625488
v -15.99989986419678 -0.22846150398254 -9.5305871963501
v -11.99989986419678 -0.10909870266914 -9.07908153533936
v -15.99989986419678 -0.10909820348024 -9.07908344268799
v -11.99989986419678 -0.038365598768 -8.66072654724121
v -15.99989986419678 -0.038365598768 -8.66072845458984
v -11.99989986419678 -0.01040816027671 -8.35380554199219
v -15.99989986419678 -0.01040816027671 -8.35380744934082
v -15.99989986419678 -0.00009989737737 -7.99997711181641
v -11.99989986419678 -4.0001049041748 -12
v -16.00009918212891 0.00009489058721 -12
# 1101 vertices

vn 0 0 -1
vn 0 0 -1
vn 0 -1 0
vn 0 0 1
vn 0.2588178217411 -0.96592617034912 0
vn 0 0.70710676908493 -0.70710676908493
vn 0.09806509315968 -0.74498844146729 -0.65982991456985
vn 0 -0.70710676908493 -0.70710676908493
vn 0.18300370872021 -0.68301379680634 -0.70710802078247
vn 0.09806509315968 -0.74498844146729 0.65982991456985
vn 0 -0.70710676908493 0.70710676908493
vn 0.13050138950348 -0.99144810438156 0
vn 0 0.70710676908493 0.70710676908493
vn 0.18300370872021 -0.68301379680634 0.70710802078247
vn 0 1 0
vn -0.2588178217411 -0.96592617034912 0
vn -0.09806509315968 -0.74498844146729 0.65982991456985
vn -0.18300370872021 -0.68301379680634 0.70710802078247
vn -0.09806509315968 -0.74498844146729 -0.65982991456985
vn -0.13050138950348 -0.99144810438156 0
vn -0.18300370872021 -0.68301379680634 -0.70710802078247
vn 0 0.53542083501816 0.84458541870117
vn 0 -0.20756945014 0.97822028398514
vn 0 0.26769703626633 0.96350312232971
vn 0 -0.41516810655594 0.90974473953247
vn 0 -0.59494799375534 0.80376422405243
vn 0 0.74198281764984 0.67041891813278
vn -1 0 0
vn 1 0 0
vn 0 -0.20481650531292 0.97880041599274
vn 0 -0.11159418523312 0.99375385046005
vn 0 -0.17440927028656 0.98467326164246
vn 0 -0.07921981066465 0.99685716629028
vn 0 -0.04678266122937 0.99890506267548
vn 0 -0.264817237854 0.96429860591888
vn 0 -0.29438447952271 0.95568704605103
vn 0 -0.3492596745491 0.9370259642601
vn 0 -0.37460514903069 0.9271844625473
vn 0 -0.41919687390327 0.90789532661438
vn 0 -0.4385424554348 0.89871048927307
vn 0 -0.47982400655746 0.87736475467682
vn 0 -0.50167179107666 0.86505806446075
vn 0 -0.54969972372055 0.83536231517792
vn 0 -0.57567298412323 0.81768000125885
vn 0 -0.62527418136597 0.78040516376495
vn 0 -0.64893382787704 0.7608448266983
vn 0 -0.69217067956924 0.7217338681221
vn 0 -0.7118564248085 0.70232498645782
vn 0 -0.7474627494812 0.66430371999741
vn 0 -0.76351308822632 0.64579230546951
vn 0 -0.79511737823486 0.60645550489426
vn 0 -0.81060093641281 0.58559894561768
vn 0 -0.84220045804977 0.53916454315186
vn 0 -0.85814023017883 0.51341539621353
vn 0 -0.88713693618774 0.46150624752045
vn 0 -0.90026158094406 0.43534937500954
vn 0 -0.92351275682449 0.38356778025627
vn 0 -0.93373167514801 0.35797369480133
vn 0 -0.95176810026169 0.3068183362484
vn 0 -0.95962285995483 0.28128978610039
vn 0 -0.97408956289291 0.2261625379324
vn 0 -0.98050367832184 0.19650073349476
vn 0 -0.98994261026382 0.14146949350834
vn 0 -0.99323797225952 0.11609599739313
vn 0 -0.99753379821777 0.07018768042326
vn 0 -0.99876630306244 0.04965706169605
vn 0 -0.99957668781281 0.02909416332841
vn 0 0 1
vn -0.70710676908493 0 -0.70710676908493
vn -0.70710676908493 0 0.70710676908493
vn 0.70710676908493 0 0.70710676908493
vn 0.70710676908493 0 -0.70710676908493
vn 0 -0.2588178217411 -0.96592617034912
vn 0.65982991456985 -0.09806509315968 -0.74498844146729
vn 0.70710802078247 -0.18300370872021 -0.68301379680634
vn -0.65982991456985 -0.09806509315968 -0.74498844146729
vn 0 -0.13050138950348 -0.99144810438156
vn -0.70710802078247 -0.18300370872021 -0.68301379680634
vn -0.98836088180542 0 0.15212762355804
vn -0.9940619468689 0 0.10881585627794
vn -0.99946457147598 0 0.03271963447332
vn -0.97134900093079 0 0.23765753209591
vn -0.96004444360733 0 0.27984762191772
vn -0.93201756477356 0 0.36241307854652
vn -0.91530537605286 0 0.40276059508324
vn -0.87674653530121 0 0.48095270991325
vn -0.85489839315414 0 0.51879549026489
vn -0.80645567178726 0 0.59129458665848
vn -0.77986168861389 0 0.62595188617706
vn -0.72239136695862 0 0.6914843916893
vn -0.6914843916893 0 0.72239136695862
vn -0.62595188617706 0 0.77986168861389
vn -0.59129458665848 0 0.80645567178726
vn -0.51879549026489 0 0.85489839315414
vn -0.48095270991325 0 0.87674653530121
vn -0.40276059508324 0 0.91530537605286
vn -0.36241307854652 0 0.93201756477356
vn -0.27984762191772 0 0.96004444360733
vn -0.23765753209591 0 0.97134900093079
vn -0.15212762355804 0 0.98836088180542
vn -0.10881585627794 0 0.9940619468689
vn -0.03271963447332 0 0.99946457147598
vn -1 0 0
vn 0 -1 0
vn 1 0 0
vn 0 -0.96592617034912 -0.2588178217411
vn -0.70710676908493 0.70710676908493 0
vn -0.65982991456985 -0.74498844146729 -0.09806509315968
vn -0.70710676908493 -0.70710676908493 0
vn -0.70710802078247 -0.68301379680634 -0.18300370872021
vn 0.65982991456985 -0.74498844146729 -0.09806509315968
vn 0.70710676908493 -0.70710676908493 0
vn 0 -0.99144810438156 -0.13050138950348
vn 0.70710676908493 0.70710676908493 0
vn 0.70710802078247 -0.68301379680634 -0.18300370872021
vn 0.96592617034912 -0.2588178217411 0
vn 0.74498844146729 -0.09806509315968 0.65982991456985
vn 0.68301379680634 -0.18300370872021 0.70710802078247
vn 0.74498844146729 -0.09806509315968 -0.65982991456985
vn 0.99144810438156 -0.13050138950348 0
vn 0.68301379680634 -0.18300370872021 -0.70710802078247
vn 0 -0.2588178217411 0.96592617034912
vn -0.65982991456985 -0.09806509315968 0.74498844146729
vn -0.70710802078247 -0.18300370872021 0.68301379680634
vn 0.65982991456985 -0.09806509315968 0.74498844146729
vn 0 -0.13050138950348 0.99144810438156
vn 0.70710802078247 -0.18300370872021 0.68301379680634
vn -0.96592617034912 -0.2588178217411 0
vn -0.74498844146729 -0.09806509315968 -0.65982991456985
vn -0.68301379680634 -0.18300370872021 -0.70710802078247
vn -0.74498844146729 -0.09806509315968 0.65982991456985
vn -0.99144810438156 -0.13050138950348 0
vn -0.68301379680634 -0.18300370872021 0.70710802078247
vn 0.42023825645447 -0.64599877595901 -0.63724833726883
vn 0.93207520246506 -0.18043994903564 -0.31412926316261
vn 0.84993261098862 0 -0.52689135074615
vn 0.61189275979996 -0.72486478090286 -0.31647792458534
vn 0.98333811759949 0 -0.18178598582745
vn 0.96316891908646 -0.14037685096264 0.22934676706791
vn 0.95111095905304 0 0.3088493347168
vn 0.74320143461227 -0.60876142978668 0.27759894728661
vn 0.6655867099762 -0.46364188194275 0.58483380079269
vn 0.89199525117874 0 0.45204472541809
vn -0.45738896727562 -0.6884897351265 0.56282967329025
vn -0.94531911611557 -0.18238231539726 0.27038583159447
vn -0.89199525117874 0 0.45204472541809
vn -0.98800724744797 0 0.15440739691257
vn -0.95452845096588 -0.13703534007072 -0.26475790143013
vn -0.93155413866043 0 -0.36360266804695
vn -0.61520862579346 -0.43076479434967 -0.66027265787125
vn -0.84993261098862 0 -0.52689135074615
vn -0.73512321710587 -0.59946155548096 -0.3166064620018
vn -0.62195092439651 -0.73223459720612 0.27750599384308
vn 0.19285064935684 -0.95481538772583 0.22613309323788
vn -0.14925247430801 -0.96854740381241 0.19909706711769
vn 0.1457527577877 -0.96183079481125 -0.2315981388092
vn -0.19050371646881 -0.94520598649979 -0.26513016223907
vn 0.98836088180542 0 -0.15212762355804
vn 0.9940619468689 0 -0.10881585627794
vn 0.99946457147598 0 -0.03271963447332
vn 0.97134900093079 0 -0.23765753209591
vn 0.96004444360733 0 -0.27984762191772
vn 0.93201756477356 0 -0.36241307854652
vn 0.91530537605286 0 -0.40276059508324
vn 0.87674653530121 0 -0.48095270991325
vn 0.85489839315414 0 -0.51879549026489
vn 0.80645567178726 0 -0.59129458665848
vn 0.77986168861389 0 -0.62595188617706
vn 0.72239136695862 0 -0.6914843916893
vn 0.6914843916893 0 -0.72239136695862
vn 0.62595188617706 0 -0.77986168861389
vn 0.59129458665848 0 -0.80645567178726
vn 0.51879549026489 0 -0.85489839315414
vn 0.48095270991325 0 -0.87674653530121
vn 0.40276059508324 0 -0.91530537605286
vn 0.36241307854652 0 -0.93201756477356
vn 0.27984762191772 0 -0.96004444360733
vn 0.23765753209591 0 -0.97134900093079
vn 0.15212762355804 0 -0.98836088180542
vn 0.10881585627794 0 -0.9940619468689
vn 0.03268841654062 0 -0.99946558475494
vn -0.15212762355804 0 -0.98836088180542
vn -0.10881585627794 0 -0.9940619468689
vn -0.03271963447332 0 -0.99946457147598
vn -0.23765753209591 0 -0.97134900093079
vn -0.27984762191772 0 -0.96004444360733
vn -0.36241307854652 0 -0.93201756477356
vn -0.40276059508324 0 -0.91530537605286
vn -0.48095270991325 0 -0.87674653530121
vn -0.51879549026489 0 -0.85489839315414
vn -0.59129458665848 0 -0.80645567178726
vn -0.62595188617706 0 -0.77986168861389
vn -0.6914843916893 0 -0.72239136695862
vn -0.72239136695862 0 -0.6914843916893
vn -0.77986168861389 0 -0.62595188617706
vn -0.80645567178726 0 -0.59129458665848
vn -0.85489839315414 0 -0.51879549026489
vn -0.87674653530121 0 -0.48095270991325
vn -0.91530537605286 0 -0.40276059508324
vn -0.93201756477356 0 -0.36241307854652
vn -0.96004444360733 0 -0.27984762191772
vn -0.97134900093079 0 -0.23765753209591
vn -0.98836088180542 0 -0.15212762355804
vn -0.9940619468689 0 -0.10881585627794
vn -0.99946457147598 0 -0.03271963447332
# 205 normals

vt 1 0.99995040893555 0
vt 0.00003366265082 0.99995040893555 0
vt 1 0 0
vt 0.00003051758176 0 0
vt 0.37900540232658 0.99996948242188 0
vt 0.37900540232658 0.0267333984375 0
vt 0.49600219726562 0.99996948242188 0
vt 0.50399780273438 0.99996948242188 0
vt 0.50399780273438 0.47035217285156 0
vt 0.62100219726562 0.99996948242188 0
vt 0.62100219726562 0.47035217285156 0
vt 0.62899780273438 0.99996948242188 0
vt 0.62899780273438 0.46684277057648 0
vt 0.74600219726562 0.99996948242188 0
vt 0.74600219726562 0.0267333984375 0
vt 0.62100219726562 0.46241760253906 0
vt 0.50399780273438 0.46241760253906 0
vt 0.62100219726562 0 0
vt 0.50399780273438 0 0
vt 0.37500759959221 0.99996948242188 0
vt 0.37100219726562 0.99996948242188 0
vt 0.37500759959221 0.0267333984375 0
vt 0.37100219726562 0.00013732910156 0
vt 0.5 0.46684277057648 0
vt 0.5 0.99996948242188 0
vt 0.49897000193596 0.46241760253906 0
vt 0.49600219726562 0.46684277057648 0
vt 0.37603759765625 0 0
vt 0.625 0.46684277057648 0
vt 0.625 0.99996948242188 0
vt 0.25002288818359 0.0267333984375 0
vt 0.25400540232658 0.00013732910156 0
vt 0.25002288818359 0.99996948242188 0
vt 0.25400540232658 0.99996948242188 0
vt 0.74896240234375 0 0
vt 0.62603759765625 0.46241760253906 0
vt 1 0.99996948242188 0
vt 0.00003051758176 0.99996948242188 0
vt 0.38926240801811 0.00048828125 0
vt 0.36204451322556 0.00048828125 0
vt 0.38926240801811 0.99365228414536 0
vt 0.36204451322556 0.99365228414536 0
vt 0.35498049855232 0.00048828125 0
vt 0.35498049855232 0.99365228414536 0
vt 0.39398708939552 0.00048828125 0
vt 0.39398708939552 0.99365228414536 0
vt 0.99996948242188 0.08192443847656 0
vt 0.99996948242188 0.04383850097656 0
vt 0.00005350727952 0.08192443847656 0
vt 0.00003473367906 0.04385375976562 0
vt 0.99996948242188 0 0
vt 0.00005069654071 0.11552429199219 0
vt 0.99996948242188 0.11552429199219 0
vt 0.00005912873894 0.15396118164062 0
vt 0.99996948242188 0.15396118164062 0
vt 0.0000428641215 0.18495178222656 0
vt 0.99996948242188 0.1849365234375 0
vt 0.00003051758176 0.00001525878906 0
vt 0.00003340375042 0.2173615694046 0
vt 0.99996948242188 0.2173615694046 0
vt 0.00004936661935 0.26860058307648 0
vt 0.99996948242188 0.26858520507812 0
vt 0.00004908535993 0.31431579589844 0
vt 0.99996948242188 0.31431579589844 0
vt 0.00003621447831 0.36062622070312 0
vt 0.99996948242188 0.36062622070312 0
vt 0.00005217735088 0.40393078327179 0
vt 0.99996948242188 0.40393078327179 0
vt 0.00003739539898 0.45504760742188 0
vt 0.99996948242188 0.45503234863281 0
vt 0.00005136150867 0.52253723144531 0
vt 0.99996948242188 0.52252960205078 0
vt 0.00003671738887 0.58384698629379 0
vt 0.99996948242188 0.58383941650391 0
vt 0.00003252271927 0.64662170410156 0
vt 0.99996948242188 0.64661413431168 0
vt 0.00003155786908 0.71897131204605 0
vt 0.99996948242188 0.71896362304688 0
vt 0.00005151052028 0.80346298217773 0
vt 0.99996948242188 0.80345541238785 0
vt 0.00003473367906 0.88022798299789 0
vt 0.99996948242188 0.88022232055664 0
vt 0.00003972183913 0.93598747253418 0
vt 0.99996948242188 0.93598181009293 0
vt 0.00004637334132 0.99996948242188 0
vt 1 0.99994242191315 0
vt 0.25 0.99996948242188 0
vt 0.25 0 0
vt 0.4917297065258 0.99996948242188 0
vt 0.4917297065258 0 0
vt 0.5 0 0
vt 0.74172967672348 0.99996948242188 0
vt 0.74172967672348 0 0
vt 0.75 0.99996948242188 0
vt 0.75 0 0
vt 0.99172967672348 0.99996948242188 0
vt 0.99172967672348 0 0
vt 0.24173359572887 0.99996948242188 0
vt 0.24173359572887 0 0
vt 0.08368492126465 0.99982607364655 0
vt 0.08376312255859 0.00003051757812 0
vt 0.00042942911386 0.99980980157852 0
vt 0.00050623709103 0.00001525878906 0
vt 0.16701890528202 0.00004577636719 0
vt 0.16693879663944 0.99984240531921 0
vt 0.25026699900627 0.00006103515625 0
vt 0.25019070506096 0.99985861778259 0
vt 0.33352661132812 0.00007629394531 0
vt 0.33345028758049 0.99987477064133 0
vt 0.41677859425545 0.00009155273438 0
vt 0.41670230031013 0.99989092350006 0
vt 0.50003051757812 0.00010681152344 0
vt 0.49996191263199 0.99990677833557 0
vt 0.58328247070312 0.0001220703125 0
vt 0.58320617675781 0.99992257356644 0
vt 0.66654968261719 0.00013732910156 0
vt 0.66647338867188 0.99993807077408 0
vt 0.74980157613754 0.00015258789062 0
vt 0.74972528219223 0.99995362758636 0
vt 0.83305358886719 0.00016784667969 0
vt 0.83297729492188 0.99996900558472 0
vt 0.91630548238754 0.00018310546875 0
vt 0.91622918844223 0.99996888637543 0
vt 0.99955749511719 0.00019836425781 0
vt 0.99948120117188 0.99994242191315 0
vt 0.99565118551254 0.39935302734375 0
vt 0.99749761819839 0.34666442871094 0
vt 0.99749761819839 0.39935302734375 0
vt 0.99070739746094 0.44471740722656 0
vt 0.96124267578125 0.56198883056641 0
vt 0.97239691019058 0.52779394388199 0
vt 0.99749761819839 0.99996709823608 0
vt 0.40344241261482 0.99774372577667 0
vt 0.34581759572029 0.9999685883522 0
vt 0.99913018941879 0.34666442871094 0
vt 0.98359680175781 0.48402404785156 0
vt 0.94789117574692 0.5966796875 0
vt 0.92373657226562 0.64923858642578 0
vt 0.89900207519531 0.69322198629379 0
vt 0.8709716796875 0.73449712991714 0
vt 0.84245300292969 0.77006912231445 0
vt 0.80659478902817 0.80863189697266 0
vt 0.75642400979996 0.85448461771011 0
vt 0.70854192972183 0.89019203186035 0
vt 0.65663152933121 0.92133331298828 0
vt 0.59516912698746 0.95025730133057 0
vt 0.52160638570786 0.97625160217285 0
vt 0.45345309376717 0.9916552901268 0
vt 0.24982069432735 0.60895544290543 0
vt 0.24234390258789 0.60061651468277 0
vt 0.24982069432735 0 0
vt 0.24234390258789 0.60412603616714 0
vt 0.24234390258789 0 0
vt 0.20914080739021 0.60061651468277 0
vt 0.20914080739021 0 0
vt 0.20914080739021 0.60412603616714 0
vt 0.1999969035387 0.60895544290543 0
vt 0.1999969035387 0 0
vt 0.75009161233902 0.60975652933121 0
vt 0.75924682617188 0.60140234231949 0
vt 0.75009161233902 0 0
vt 0.75924682617188 0 0
vt 0.79249572753906 0.60140234231949 0
vt 0.79249572753906 0 0
vt 0.79998779296875 0.60975652933121 0
vt 0.79998779296875 0 0
vt 0.79400628805161 0.59820562601089 0
vt 0.76023858785629 0.59819793701172 0
vt 0.79359441995621 0.60207372903824 0
vt 0.76054382324219 0.60186773538589 0
vt 0.75006097555161 0.60565954446793 0
vt 0.00003051758176 0.99995702505112 0
vt 0.1999969035387 0.61106109619141 0
vt 0.79998779296875 0.61106109619141 0
vt 0.1987762004137 0.56096649169922 0
vt 0.20484919846058 0.57015991210938 0
vt 0.2082671970129 0.57015991210938 0
vt 0.79998779296875 0.56096649169922 0
vt 0.79049682617188 0.57015991210938 0
vt 0.79389947652817 0.57015991210938 0
vt 0.2082671970129 0.60354614257812 0
vt 0.79049682617188 0.60354614257812 0
vt 0.20484919846058 0.60354614257812 0
vt 0.1987762004137 0.61106109619141 0
vt 0.79389947652817 0.60354614257812 0
vt 0.80343627929688 0.60612493753433 0
# 186 texture coordinates

o Default
usemtl concrete_C
f 755/1/1 1/2/1 778/3/1
f 778/3/1 1/2/1 2/4/1
f 167/1/29 165/2/29 666/3/29
f 666/3/29 165/2/29 667/4/29
f 527/1/4 497/2/4 164/3/4
f 164/3/4 497/2/4 813/4/4
f 497/1/4 204/2/4 813/3/4
f 813/3/4 204/2/4 1099/4/4
f 243/100/79 242/101/80 261/102/81
f 261/102/81 242/101/80 377/103/81
f 243/100/79 244/104/82 242/101/80
f 245/105/83 244/104/82 243/100/79
f 245/105/83 246/106/84 244/104/82
f 247/107/85 246/106/84 245/105/83
f 247/107/85 248/108/86 246/106/84
f 249/109/87 248/108/86 247/107/85
f 249/109/87 368/110/88 248/108/86
f 250/111/89 368/110/88 249/109/87
f 250/111/89 251/112/90 368/110/88
f 252/113/91 251/112/90 250/111/89
f 252/113/91 253/114/92 251/112/90
f 254/115/93 253/114/92 252/113/91
f 254/115/93 255/116/94 253/114/92
f 256/117/95 255/116/94 254/115/93
f 256/117/95 257/118/96 255/116/94
f 258/119/97 257/118/96 256/117/95
f 258/119/97 374/120/98 257/118/96
f 259/121/99 374/120/98 258/119/97
f 259/121/99 376/122/100 374/120/98
f 260/123/101 376/122/100 259/121/99
f 260/123/101 164/124/102 376/122/100
f 527/125/102 164/124/102 260/123/101
f 204/1/4 525/2/4 1099/3/4
f 1099/3/4 525/2/4 526/4/4
f 165/1/29 758/2/29 667/3/29
f 667/3/29 758/2/29 759/4/29
f 863/1/1 866/2/1 865/3/1
f 865/3/1 866/2/1 959/4/1
f 525/1/29 167/2/29 526/3/29
f 526/3/29 167/2/29 666/4/29
f 1/1/1 920/2/1 2/3/1
f 2/3/1 920/2/1 921/4/1
f 758/1/29 863/2/29 759/3/29
f 759/3/29 863/2/29 865/4/29

usemtl plaster_A
f 6/5/2 18/6/2 19/7/2
f 7/8/3 14/9/3 11/10/3
f 11/10/3 14/9/3 13/11/3
f 12/12/4 10/13/4 3/14/4
f 3/14/4 10/13/4 16/15/4
f 4/16/5 9/17/5 15/18/5
f 15/18/5 9/17/5 20/19/5
f 6/20/6 5/21/6 18/22/6
f 18/22/6 5/21/6 20/23/6
f 8/24/7 9/17/7 14/9/7
f 8/24/8 14/9/8 19/25/8
f 19/25/8 14/9/8 7/8/8
f 9/26/9 8/27/9 20/28/9
f 13/11/10 4/16/10 10/29/10
f 12/30/11 11/10/11 10/29/11
f 10/29/11 11/10/11 13/11/11
f 14/9/12 9/17/12 13/11/12
f 13/11/12 9/17/12 4/16/12
f 16/31/13 15/32/13 3/33/13
f 3/33/13 15/32/13 17/34/13
f 15/35/14 16/15/14 4/36/14
f 4/36/14 16/15/14 10/13/14
f 19/7/2 18/6/2 8/27/2
f 20/28/9 8/27/9 18/6/9
f 21/5/2 36/6/2 30/7/2
f 24/8/3 23/9/3 22/10/3
f 22/10/3 23/9/3 25/11/3
f 32/12/4 31/13/4 34/14/4
f 34/14/4 31/13/4 26/15/4
f 28/16/5 27/17/5 33/18/5
f 33/18/5 27/17/5 38/19/5
f 21/20/6 29/21/6 36/22/6
f 36/22/6 29/21/6 38/23/6
f 37/24/7 27/17/7 23/9/7
f 37/24/8 23/9/8 30/25/8
f 30/25/8 23/9/8 24/8/8
f 27/26/9 37/27/9 38/28/9
f 25/11/10 28/16/10 31/29/10
f 32/30/11 22/10/11 31/29/11
f 31/29/11 22/10/11 25/11/11
f 23/9/12 27/17/12 25/11/12
f 25/11/12 27/17/12 28/16/12
f 26/31/13 33/32/13 34/33/13
f 34/33/13 33/32/13 35/34/13
f 33/35/14 26/15/14 28/36/14
f 28/36/14 26/15/14 31/13/14
f 30/7/2 36/6/2 37/27/2
f 38/28/9 37/27/9 36/6/9
f 40/3/3 39/4/3 756/37/3
f 756/37/3 39/4/3 41/38/3
f 49/5/4 45/6/4 44/7/4
f 51/8/3 50/9/3 53/10/3
f 53/10/3 50/9/3 52/11/3
f 46/12/2 59/13/2 56/14/2
f 56/14/2 59/13/2 47/15/2
f 55/16/16 54/17/16 58/18/16
f 58/18/16 54/17/16 61/19/16
f 49/20/13 48/21/13 45/22/13
f 45/22/13 48/21/13 61/23/13
f 60/24/17 54/17/17 50/9/17
f 60/24/11 50/9/11 44/25/11
f 44/25/11 50/9/11 51/8/11
f 54/26/18 60/27/18 61/28/18
f 52/11/19 55/16/19 59/29/19
f 46/30/8 53/10/8 59/29/8
f 59/29/8 53/10/8 52/11/8
f 50/9/20 54/17/20 52/11/20
f 52/11/20 54/17/20 55/16/20
f 47/31/6 58/32/6 56/33/6
f 56/33/6 58/32/6 57/34/6
f 58/35/21 47/15/21 55/36/21
f 55/36/21 47/15/21 59/13/21
f 44/7/4 45/6/4 60/27/4
f 61/28/18 60/27/18 45/6/18
f 864/3/3 756/4/3 866/37/3
f 866/37/3 756/4/3 755/38/3
f 76/5/4 88/6/4 78/7/4
f 79/8/3 71/9/3 83/10/3
f 83/10/3 71/9/3 72/11/3
f 74/12/2 73/13/2 84/14/2
f 84/14/2 73/13/2 86/15/2
f 82/16/16 81/17/16 87/18/16
f 87/18/16 81/17/16 80/19/16
f 76/20/13 75/21/13 88/22/13
f 88/22/13 75/21/13 80/23/13
f 77/24/17 81/17/17 71/9/17
f 77/24/11 71/9/11 78/25/11
f 78/25/11 71/9/11 79/8/11
f 81/26/18 77/27/18 80/28/18
f 72/11/19 82/16/19 73/29/19
f 74/30/8 83/10/8 73/29/8
f 73/29/8 83/10/8 72/11/8
f 71/9/20 81/17/20 72/11/20
f 72/11/20 81/17/20 82/16/20
f 86/31/6 87/32/6 84/33/6
f 84/33/6 87/32/6 85/34/6
f 87/35/21 86/15/21 82/36/21
f 82/36/21 86/15/21 73/13/21
f 78/7/4 88/6/4 77/27/4
f 80/28/18 77/27/18 88/6/18
f 166/3/3 498/4/3 90/37/3
f 90/37/3 498/4/3 40/38/3
f 100/5/2 108/6/2 91/7/2
f 93/8/3 104/9/3 92/10/3
f 92/10/3 104/9/3 103/11/3
f 102/12/4 94/13/4 105/14/4
f 105/14/4 94/13/4 107/15/4
f 97/16/5 96/17/5 95/18/5
f 95/18/5 96/17/5 98/19/5
f 100/20/6 99/21/6 108/22/6
f 108/22/6 99/21/6 98/23/6
f 101/24/7 96/17/7 104/9/7
f 101/24/8 104/9/8 91/25/8
f 91/25/8 104/9/8 93/8/8
f 96/26/9 101/27/9 98/28/9
f 103/11/10 97/16/10 94/29/10
f 102/30/11 92/10/11 94/29/11
f 94/29/11 92/10/11 103/11/11
f 104/9/12 96/17/12 103/11/12
f 103/11/12 96/17/12 97/16/12
f 107/31/13 95/32/13 105/33/13
f 105/33/13 95/32/13 106/34/13
f 95/35/14 107/15/14 97/36/14
f 97/36/14 107/15/14 94/13/14
f 91/7/2 108/6/2 101/27/2
f 98/28/9 101/27/9 108/6/9
f 118/5/4 112/6/4 128/7/4
f 119/8/3 113/9/3 120/10/3
f 120/10/3 113/9/3 122/11/3
f 121/12/2 114/13/2 124/14/2
f 124/14/2 114/13/2 115/15/2
f 123/16/16 116/17/16 126/18/16
f 126/18/16 116/17/16 129/19/16
f 118/20/13 117/21/13 112/22/13
f 112/22/13 117/21/13 129/23/13
f 127/24/17 116/17/17 113/9/17
f 127/24/11 113/9/11 128/25/11
f 128/25/11 113/9/11 119/8/11
f 116/26/18 127/27/18 129/28/18
f 122/11/19 123/16/19 114/29/19
f 121/30/8 120/10/8 114/29/8
f 114/29/8 120/10/8 122/11/8
f 113/9/20 116/17/20 122/11/20
f 122/11/20 116/17/20 123/16/20
f 115/31/6 126/32/6 124/33/6
f 124/33/6 126/32/6 125/34/6
f 126/35/21 115/15/21 123/36/21
f 123/36/21 115/15/21 114/13/21
f 128/7/4 112/6/4 127/27/4
f 129/28/18 127/27/18 112/6/18
f 157/5/2 163/6/2 146/7/2
f 148/8/3 160/9/3 147/10/3
f 147/10/3 160/9/3 159/11/3
f 151/12/4 150/13/4 149/14/4
f 149/14/4 150/13/4 162/15/4
f 155/16/5 154/17/5 153/18/5
f 153/18/5 154/17/5 152/19/5
f 157/20/6 156/21/6 163/22/6
f 163/22/6 156/21/6 152/23/6
f 158/24/7 154/17/7 160/9/7
f 158/24/8 160/9/8 146/25/8
f 146/25/8 160/9/8 148/8/8
f 154/26/9 158/27/9 152/28/9
f 159/11/10 155/16/10 150/29/10
f 151/30/11 147/10/11 150/29/11
f 150/29/11 147/10/11 159/11/11
f 160/9/12 154/17/12 159/11/12
f 159/11/12 154/17/12 155/16/12
f 162/31/13 153/32/13 149/33/13
f 149/33/13 153/32/13 161/34/13
f 153/35/14 162/15/14 155/36/14
f 155/36/14 162/15/14 150/13/14
f 146/7/2 163/6/2 158/27/2
f 152/28/9 158/27/9 163/6/9
f 167/3/3 166/4/3 165/37/3
f 165/37/3 166/4/3 90/38/3
f 165/3/3 90/4/3 758/37/3
f 758/37/3 90/4/3 864/38/3
f 179/87/28 170/88/28 180/89/28
f 180/89/28 170/88/28 171/90/28
f 182/25/68 181/91/68 183/92/68
f 183/92/68 181/91/68 172/93/68
f 185/94/29 184/95/29 173/96/29
f 173/96/29 184/95/29 174/97/29
f 177/38/1 176/4/1 175/98/1
f 175/98/1 176/4/1 178/99/1
f 178/99/69 170/88/69 175/98/69
f 175/98/69 170/88/69 179/87/69
f 171/90/70 181/91/70 180/89/70
f 180/89/70 181/91/70 182/25/70
f 172/93/71 184/95/71 183/92/71
f 183/92/71 184/95/71 185/94/71
f 174/97/72 176/3/72 173/96/72
f 173/96/72 176/3/72 177/37/72
f 198/5/2 187/6/2 186/7/2
f 200/8/3 188/9/3 201/10/3
f 201/10/3 188/9/3 189/11/3
f 191/12/4 190/13/4 202/14/4
f 202/14/4 190/13/4 192/15/4
f 196/16/5 195/17/5 194/18/5
f 194/18/5 195/17/5 193/19/5
f 198/20/6 197/21/6 187/22/6
f 187/22/6 197/21/6 193/23/6
f 199/24/7 195/17/7 188/9/7
f 199/24/8 188/9/8 186/25/8
f 186/25/8 188/9/8 200/8/8
f 195/26/9 199/27/9 193/28/9
f 189/11/10 196/16/10 190/29/10
f 191/30/11 201/10/11 190/29/11
f 190/29/11 201/10/11 189/11/11
f 188/9/12 195/17/12 189/11/12
f 189/11/12 195/17/12 196/16/12
f 192/31/13 194/32/13 202/33/13
f 202/33/13 194/32/13 203/34/13
f 194/35/14 192/15/14 196/36/14
f 196/36/14 192/15/14 190/13/14
f 186/7/2 187/6/2 199/27/2
f 193/28/9 199/27/9 187/6/9
f 210/5/2 221/6/2 205/7/2
f 212/8/3 211/9/3 215/10/3
f 215/10/3 211/9/3 206/11/3
f 208/12/4 207/13/4 218/14/4
f 218/14/4 207/13/4 217/15/4
f 214/16/5 213/17/5 216/18/5
f 216/18/5 213/17/5 222/19/5
f 210/20/6 209/21/6 221/22/6
f 221/22/6 209/21/6 222/23/6
f 220/24/7 213/17/7 211/9/7
f 220/24/8 211/9/8 205/25/8
f 205/25/8 211/9/8 212/8/8
f 213/26/9 220/27/9 222/28/9
f 206/11/10 214/16/10 207/29/10
f 208/30/11 215/10/11 207/29/11
f 207/29/11 215/10/11 206/11/11
f 211/9/12 213/17/12 206/11/12
f 206/11/12 213/17/12 214/16/12
f 217/31/13 216/32/13 218/33/13
f 218/33/13 216/32/13 219/34/13
f 216/35/14 217/15/14 214/36/14
f 214/36/14 217/15/14 207/13/14
f 205/7/2 221/6/2 220/27/2
f 222/28/9 220/27/9 221/6/9
f 226/5/29 224/6/29 241/7/29
f 228/8/1 236/9/1 233/10/1
f 233/10/1 236/9/1 231/11/1
f 234/12/28 232/13/28 237/14/28
f 237/14/28 232/13/28 239/15/28
f 230/16/73 235/17/73 240/18/73
f 240/18/73 235/17/73 229/19/73
f 226/20/71 225/21/71 224/22/71
f 224/22/71 225/21/71 229/23/71
f 227/24/74 235/17/74 236/9/74
f 227/24/72 236/9/72 241/25/72
f 241/25/72 236/9/72 228/8/72
f 235/26/75 227/27/75 229/28/75
f 231/11/76 230/16/76 232/29/76
f 234/30/69 233/10/69 232/29/69
f 232/29/69 233/10/69 231/11/69
f 236/9/77 235/17/77 231/11/77
f 231/11/77 235/17/77 230/16/77
f 239/31/70 240/32/70 237/33/70
f 237/33/70 240/32/70 238/34/70
f 240/35/78 239/15/78 230/36/78
f 230/36/78 239/15/78 232/13/78
f 241/7/29 224/6/29 227/27/29
f 229/28/75 227/27/75 224/6/75
f 264/5/103 263/6/103 262/7/103
f 269/8/104 268/9/104 265/10/104
f 265/10/104 268/9/104 272/11/104
f 266/12/105 278/13/105 274/14/105
f 274/14/105 278/13/105 275/15/105
f 273/16/106 271/17/106 277/18/106
f 277/18/106 271/17/106 270/19/106
f 264/20/107 267/21/107 263/22/107
f 263/22/107 267/21/107 270/23/107
f 279/24/108 271/17/108 268/9/108
f 279/24/109 268/9/109 262/25/109
f 262/25/109 268/9/109 269/8/109
f 271/26/110 279/27/110 270/28/110
f 272/11/111 273/16/111 278/29/111
f 266/30/112 265/10/112 278/29/112
f 278/29/112 265/10/112 272/11/112
f 268/9/113 271/17/113 272/11/113
f 272/11/113 271/17/113 273/16/113
f 275/31/114 277/32/114 274/33/114
f 274/33/114 277/32/114 276/34/114
f 277/35/115 275/15/115 273/36/115
f 273/36/115 275/15/115 278/13/115
f 262/7/103 263/6/103 279/27/103
f 270/28/110 279/27/110 263/6/110
f 280/5/4 296/6/4 297/7/4
f 287/8/105 292/9/105 288/10/105
f 288/10/105 292/9/105 290/11/105
f 289/12/2 282/13/2 281/14/2
f 281/14/2 282/13/2 295/15/2
f 293/16/116 291/17/116 284/18/116
f 284/18/116 291/17/116 283/19/116
f 280/20/70 285/21/70 296/22/70
f 296/22/70 285/21/70 283/23/70
f 286/24/117 291/17/117 292/9/117
f 286/24/71 292/9/71 297/25/71
f 297/25/71 292/9/71 287/8/71
f 291/26/118 286/27/118 283/28/118
f 290/11/119 293/16/119 282/29/119
f 289/30/72 288/10/72 282/29/72
f 282/29/72 288/10/72 290/11/72
f 292/9/120 291/17/120 290/11/120
f 290/11/120 291/17/120 293/16/120
f 295/31/69 284/32/69 281/33/69
f 281/33/69 284/32/69 294/34/69
f 284/35/121 295/15/121 293/36/121
f 293/36/121 295/15/121 282/13/121
f 297/7/4 296/6/4 286/27/4
f 283/28/118 286/27/118 296/6/118
f 41/3/3 307/4/3 1/37/3
f 1/37/3 307/4/3 920/38/3
f 310/5/4 309/6/4 308/7/4
f 312/8/105 320/9/105 311/10/105
f 311/10/105 320/9/105 319/11/105
f 318/12/2 324/13/2 322/14/2
f 322/14/2 324/13/2 321/15/2
f 314/16/116 317/17/116 313/18/116
f 313/18/116 317/17/116 316/19/116
f 310/20/70 315/21/70 309/22/70
f 309/22/70 315/21/70 316/23/70
f 325/24/117 317/17/117 320/9/117
f 325/24/71 320/9/71 308/25/71
f 308/25/71 320/9/71 312/8/71
f 317/26/118 325/27/118 316/28/118
f 319/11/119 314/16/119 324/29/119
f 318/30/72 311/10/72 324/29/72
f 324/29/72 311/10/72 319/11/72
f 320/9/120 317/17/120 319/11/120
f 319/11/120 317/17/120 314/16/120
f 321/31/69 313/32/69 322/33/69
f 322/33/69 313/32/69 323/34/69
f 313/35/121 321/15/121 314/36/121
f 314/36/121 321/15/121 324/13/121
f 308/7/4 309/6/4 325/27/4
f 316/28/118 325/27/118 309/6/118
f 353/5/2 345/6/2 361/7/2
f 348/8/3 347/9/3 346/10/3
f 346/10/3 347/9/3 349/11/3
f 355/12/4 360/13/4 358/14/4
f 358/14/4 360/13/4 357/15/4
f 354/16/5 356/17/5 351/18/5
f 351/18/5 356/17/5 350/19/5
f 353/20/6 352/21/6 345/22/6
f 345/22/6 352/21/6 350/23/6
f 362/24/7 356/17/7 347/9/7
f 362/24/8 347/9/8 361/25/8
f 361/25/8 347/9/8 348/8/8
f 356/26/9 362/27/9 350/28/9
f 349/11/10 354/16/10 360/29/10
f 355/30/11 346/10/11 360/29/11
f 360/29/11 346/10/11 349/11/11
f 347/9/12 356/17/12 349/11/12
f 349/11/12 356/17/12 354/16/12
f 357/31/13 351/32/13 358/33/13
f 358/33/13 351/32/13 359/34/13
f 351/35/14 357/15/14 354/36/14
f 354/36/14 357/15/14 360/13/14
f 361/7/2 345/6/2 362/27/2
f 350/28/9 362/27/9 345/6/9
f 386/5/4 393/6/4 387/7/4
f 378/8/3 389/9/3 388/10/3
f 388/10/3 389/9/3 379/11/3
f 381/12/2 380/13/2 390/14/2
f 390/14/2 380/13/2 382/15/2
f 384/16/16 383/17/16 392/18/16
f 392/18/16 383/17/16 395/19/16
f 386/20/13 385/21/13 393/22/13
f 393/22/13 385/21/13 395/23/13
f 394/24/17 383/17/17 389/9/17
f 394/24/11 389/9/11 387/25/11
f 387/25/11 389/9/11 378/8/11
f 383/26/18 394/27/18 395/28/18
f 379/11/19 384/16/19 380/29/19
f 381/30/8 388/10/8 380/29/8
f 380/29/8 388/10/8 379/11/8
f 389/9/20 383/17/20 379/11/20
f 379/11/20 383/17/20 384/16/20
f 382/31/6 392/32/6 390/33/6
f 390/33/6 392/32/6 391/34/6
f 392/35/21 382/15/21 384/36/21
f 384/36/21 382/15/21 380/13/21
f 387/7/4 393/6/4 394/27/4
f 395/28/18 394/27/18 393/6/18
f 527/3/3 495/4/3 528/37/3
f 528/37/3 495/4/3 261/38/3
f 204/3/3 497/4/3 166/37/3
f 166/37/3 497/4/3 498/38/3
f 501/3/3 167/4/3 500/37/3
f 500/37/3 167/4/3 165/38/3
f 497/3/3 527/4/3 498/37/3
f 498/37/3 527/4/3 528/38/3
f 550/3/3 1024/4/3 1026/37/3
f 1026/37/3 1024/4/3 531/38/3
f 816/3/3 550/4/3 679/37/3
f 679/37/3 550/4/3 1026/38/3
f 552/87/28 562/88/28 551/89/28
f 551/89/28 562/88/28 564/90/28
f 554/25/68 553/91/68 565/92/68
f 565/92/68 553/91/68 555/93/68
f 558/94/29 557/95/29 556/96/29
f 556/96/29 557/95/29 559/97/29
f 560/38/1 566/4/1 561/98/1
f 561/98/1 566/4/1 563/99/1
f 563/99/69 562/88/69 561/98/69
f 561/98/69 562/88/69 552/87/69
f 564/90/70 553/91/70 551/89/70
f 551/89/70 553/91/70 554/25/70
f 555/93/71 557/95/71 565/92/71
f 565/92/71 557/95/71 558/94/71
f 559/97/72 566/3/72 556/96/72
f 556/96/72 566/3/72 560/37/72
f 571/5/2 584/6/2 583/7/2
f 568/8/3 572/9/3 567/10/3
f 567/10/3 572/9/3 577/11/3
f 579/12/4 578/13/4 569/14/4
f 569/14/4 578/13/4 580/15/4
f 576/16/5 575/17/5 582/18/5
f 582/18/5 575/17/5 573/19/5
f 571/20/6 570/21/6 584/22/6
f 584/22/6 570/21/6 573/23/6
f 574/24/7 575/17/7 572/9/7
f 574/24/8 572/9/8 583/25/8
f 583/25/8 572/9/8 568/8/8
f 575/26/9 574/27/9 573/28/9
f 577/11/10 576/16/10 578/29/10
f 579/30/11 567/10/11 578/29/11
f 578/29/11 567/10/11 577/11/11
f 572/9/12 575/17/12 577/11/12
f 577/11/12 575/17/12 576/16/12
f 580/31/13 582/32/13 569/33/13
f 569/33/13 582/32/13 581/34/13
f 582/35/14 580/15/14 576/36/14
f 576/36/14 580/15/14 578/13/14
f 583/7/2 584/6/2 574/27/2
f 573/28/9 574/27/9 584/6/9
f 586/5/2 591/6/2 585/7/2
f 594/8/103 598/9/103 587/10/103
f 587/10/103 598/9/103 596/11/103
f 589/12/4 588/13/4 599/14/4
f 599/14/4 588/13/4 590/15/4
f 595/16/128 597/17/128 601/18/128
f 601/18/128 597/17/128 593/19/128
f 586/20/72 592/21/72 591/22/72
f 591/22/72 592/21/72 593/23/72
f 602/24/129 597/17/129 598/9/129
f 602/24/69 598/9/69 585/25/69
f 585/25/69 598/9/69 594/8/69
f 597/26/130 602/27/130 593/28/130
f 596/11/131 595/16/131 588/29/131
f 589/30/70 587/10/70 588/29/70
f 588/29/70 587/10/70 596/11/70
f 598/9/132 597/17/132 596/11/132
f 596/11/132 597/17/132 595/16/132
f 590/31/71 601/32/71 599/33/71
f 599/33/71 601/32/71 600/34/71
f 601/35/133 590/15/133 595/36/133
f 595/36/133 590/15/133 588/13/133
f 585/7/2 591/6/2 602/27/2
f 593/28/130 602/27/130 591/6/130
f 860/3/3 816/4/3 603/37/3
f 603/37/3 816/4/3 679/38/3
f 628/87/28 627/88/28 626/89/28
f 626/89/28 627/88/28 629/90/28
f 632/25/68 631/91/68 630/92/68
f 630/92/68 631/91/68 636/93/68
f 637/94/29 635/95/29 638/96/29
f 638/96/29 635/95/29 640/97/29
f 641/38/1 639/4/1 633/98/1
f 633/98/1 639/4/1 634/99/1
f 634/99/69 627/88/69 633/98/69
f 633/98/69 627/88/69 628/87/69
f 629/90/70 631/91/70 626/89/70
f 626/89/70 631/91/70 632/25/70
f 636/93/71 635/95/71 630/92/71
f 630/92/71 635/95/71 637/94/71
f 640/97/72 639/3/72 638/96/72
f 638/96/72 639/3/72 641/37/72
f 817/3/3 446/4/3 550/37/3
f 550/37/3 446/4/3 1024/38/3
f 648/5/4 646/6/4 651/7/4
f 644/8/3 649/9/3 643/10/3
f 643/10/3 649/9/3 653/11/3
f 655/12/2 654/13/2 658/14/2
f 658/14/2 654/13/2 657/15/2
f 656/16/16 650/17/16 645/18/16
f 645/18/16 650/17/16 660/19/16
f 648/20/13 647/21/13 646/22/13
f 646/22/13 647/21/13 660/23/13
f 652/24/17 650/17/17 649/9/17
f 652/24/11 649/9/11 651/25/11
f 651/25/11 649/9/11 644/8/11
f 650/26/18 652/27/18 660/28/18
f 653/11/19 656/16/19 654/29/19
f 655/30/8 643/10/8 654/29/8
f 654/29/8 643/10/8 653/11/8
f 649/9/20 650/17/20 653/11/20
f 653/11/20 650/17/20 656/16/20
f 657/31/6 645/32/6 658/33/6
f 658/33/6 645/32/6 659/34/6
f 645/35/21 657/15/21 656/36/21
f 656/36/21 657/15/21 654/13/21
f 651/7/4 646/6/4 652/27/4
f 660/28/18 652/27/18 646/6/18
f 498/3/3 528/4/3 40/37/3
f 40/37/3 528/4/3 39/38/3
f 667/3/3 472/4/3 666/37/3
f 666/37/3 472/4/3 130/38/3
f 709/5/2 707/6/2 700/7/2
f 703/8/103 702/9/103 701/10/103
f 701/10/103 702/9/103 704/11/103
f 713/12/4 711/13/4 714/14/4
f 714/14/4 711/13/4 705/15/4
f 712/16/128 710/17/128 715/18/128
f 715/18/128 710/17/128 706/19/128
f 709/20/72 708/21/72 707/22/72
f 707/22/72 708/21/72 706/23/72
f 717/24/129 710/17/129 702/9/129
f 717/24/69 702/9/69 700/25/69
f 700/25/69 702/9/69 703/8/69
f 710/26/130 717/27/130 706/28/130
f 704/11/131 712/16/131 711/29/131
f 713/30/70 701/10/70 711/29/70
f 711/29/70 701/10/70 704/11/70
f 702/9/132 710/17/132 704/11/132
f 704/11/132 710/17/132 712/16/132
f 705/31/71 715/32/71 714/33/71
f 714/33/71 715/32/71 716/34/71
f 715/35/133 705/15/133 712/36/133
f 712/36/133 705/15/133 711/13/133
f 700/7/2 707/6/2 717/27/2
f 706/28/130 717/27/130 707/6/130
f 718/5/2 735/6/2 734/7/2
f 720/8/103 726/9/103 719/10/103
f 719/10/103 726/9/103 728/11/103
f 727/12/4 732/13/4 721/14/4
f 721/14/4 732/13/4 722/15/4
f 729/16/128 723/17/128 730/18/128
f 730/18/128 723/17/128 724/19/128
f 718/20/72 725/21/72 735/22/72
f 735/22/72 725/21/72 724/23/72
f 733/24/129 723/17/129 726/9/129
f 733/24/69 726/9/69 734/25/69
f 734/25/69 726/9/69 720/8/69
f 723/26/130 733/27/130 724/28/130
f 728/11/131 729/16/131 732/29/131
f 727/30/70 719/10/70 732/29/70
f 732/29/70 719/10/70 728/11/70
f 726/9/132 723/17/132 728/11/132
f 728/11/132 723/17/132 729/16/132
f 722/31/71 730/32/71 721/33/71
f 721/33/71 730/32/71 731/34/71
f 730/35/133 722/15/133 729/36/133
f 729/36/133 722/15/133 732/13/133
f 734/7/2 735/6/2 733/27/2
f 724/28/130 733/27/130 735/6/130
f 756/3/3 41/4/3 755/37/3
f 755/37/3 41/4/3 1/38/3
f 778/3/3 2/4/3 817/37/3
f 817/37/3 2/4/3 446/38/3
f 818/3/3 817/4/3 816/37/3
f 816/37/3 817/4/3 550/38/3
f 829/5/2 825/6/2 831/7/2
f 821/8/3 820/9/3 819/10/3
f 819/10/3 820/9/3 822/11/3
f 824/12/4 823/13/4 834/14/4
f 834/14/4 823/13/4 833/15/4
f 827/16/5 830/17/5 826/18/5
f 826/18/5 830/17/5 832/19/5
f 829/20/6 828/21/6 825/22/6
f 825/22/6 828/21/6 832/23/6
f 836/24/7 830/17/7 820/9/7
f 836/24/8 820/9/8 831/25/8
f 831/25/8 820/9/8 821/8/8
f 830/26/9 836/27/9 832/28/9
f 822/11/10 827/16/10 823/29/10
f 824/30/11 819/10/11 823/29/11
f 823/29/11 819/10/11 822/11/11
f 820/9/12 830/17/12 822/11/12
f 822/11/12 830/17/12 827/16/12
f 833/31/13 826/32/13 834/33/13
f 834/33/13 826/32/13 835/34/13
f 826/35/14 833/15/14 827/36/14
f 827/36/14 833/15/14 823/13/14
f 831/7/2 825/6/2 836/27/2
f 832/28/9 836/27/9 825/6/9
f 851/5/29 858/6/29 859/7/29
f 843/8/1 852/9/1 842/10/1
f 842/10/1 852/9/1 855/11/1
f 846/12/28 845/13/28 844/14/28
f 844/14/28 845/13/28 847/15/28
f 854/16/73 849/17/73 856/18/73
f 856/18/73 849/17/73 848/19/73
f 851/20/71 850/21/71 858/22/71
f 858/22/71 850/21/71 848/23/71
f 853/24/74 849/17/74 852/9/74
f 853/24/72 852/9/72 859/25/72
f 859/25/72 852/9/72 843/8/72
f 849/26/75 853/27/75 848/28/75
f 855/11/76 854/16/76 845/29/76
f 846/30/69 842/10/69 845/29/69
f 845/29/69 842/10/69 855/11/69
f 852/9/77 849/17/77 855/11/77
f 855/11/77 849/17/77 854/16/77
f 847/31/70 856/32/70 844/33/70
f 844/33/70 856/32/70 857/34/70
f 856/35/78 847/15/78 854/36/78
f 854/36/78 847/15/78 845/13/78
f 859/7/29 858/6/29 853/27/29
f 848/28/75 853/27/75 858/6/75
f 525/3/3 204/4/3 167/37/3
f 167/37/3 204/4/3 166/38/3
f 302/3/3 818/4/3 860/37/3
f 860/37/3 818/4/3 816/38/3
f 39/3/3 861/4/3 41/37/3
f 41/37/3 861/4/3 307/38/3
f 758/3/3 864/4/3 863/37/3
f 863/37/3 864/4/3 866/38/3
f 759/3/3 471/4/3 667/37/3
f 667/37/3 471/4/3 472/38/3
f 528/3/3 261/4/3 39/37/3
f 39/37/3 261/4/3 861/38/3
f 884/5/2 901/6/2 900/7/2
f 893/8/3 886/9/3 885/10/3
f 885/10/3 886/9/3 887/11/3
f 889/12/4 895/13/4 888/14/4
f 888/14/4 895/13/4 898/15/4
f 897/16/5 896/17/5 890/18/5
f 890/18/5 896/17/5 891/19/5
f 884/20/6 892/21/6 901/22/6
f 901/22/6 892/21/6 891/23/6
f 894/24/7 896/17/7 886/9/7
f 894/24/8 886/9/8 900/25/8
f 900/25/8 886/9/8 893/8/8
f 896/26/9 894/27/9 891/28/9
f 887/11/10 897/16/10 895/29/10
f 889/30/11 885/10/11 895/29/11
f 895/29/11 885/10/11 887/11/11
f 886/9/12 896/17/12 887/11/12
f 887/11/12 896/17/12 897/16/12
f 898/31/13 890/32/13 888/33/13
f 888/33/13 890/32/13 899/34/13
f 890/35/14 898/15/14 897/36/14
f 897/36/14 898/15/14 895/13/14
f 900/7/2 901/6/2 894/27/2
f 891/28/9 894/27/9 901/6/9
f 902/5/103 906/6/103 919/7/103
f 911/8/104 910/9/104 903/10/104
f 903/10/104 910/9/104 904/11/104
f 912/12/105 918/13/105 913/14/105
f 913/14/105 918/13/105 916/15/105
f 915/16/106 908/17/106 917/18/106
f 917/18/106 908/17/106 905/19/106
f 902/20/107 907/21/107 906/22/107
f 906/22/107 907/21/107 905/23/107
f 909/24/108 908/17/108 910/9/108
f 909/24/109 910/9/109 919/25/109
f 919/25/109 910/9/109 911/8/109
f 908/26/110 909/27/110 905/28/110
f 904/11/111 915/16/111 918/29/111
f 912/30/112 903/10/112 918/29/112
f 918/29/112 903/10/112 904/11/112
f 910/9/113 908/17/113 904/11/113
f 904/11/113 908/17/113 915/16/113
f 916/31/114 917/32/114 913/33/114
f 913/33/114 917/32/114 914/34/114
f 917/35/115 916/15/115 915/36/115
f 915/36/115 916/15/115 918/13/115
f 919/7/103 906/6/103 909/27/103
f 905/28/110 909/27/110 906/6/110
f 90/3/3 40/4/3 864/37/3
f 864/37/3 40/4/3 756/38/3
f 941/5/2 947/6/2 951/7/2
f 943/8/3 942/9/3 955/10/3
f 955/10/3 942/9/3 954/11/3
f 945/12/4 958/13/4 944/14/4
f 944/14/4 958/13/4 946/15/4
f 949/16/5 956/17/5 948/18/5
f 948/18/5 956/17/5 952/19/5
f 941/20/6 950/21/6 947/22/6
f 947/22/6 950/21/6 952/23/6
f 953/24/7 956/17/7 942/9/7
f 953/24/8 942/9/8 951/25/8
f 951/25/8 942/9/8 943/8/8
f 956/26/9 953/27/9 952/28/9
f 954/11/10 949/16/10 958/29/10
f 945/30/11 955/10/11 958/29/11
f 958/29/11 955/10/11 954/11/11
f 942/9/12 956/17/12 954/11/12
f 954/11/12 956/17/12 949/16/12
f 946/31/13 948/32/13 944/33/13
f 944/33/13 948/32/13 957/34/13
f 948/35/14 946/15/14 949/36/14
f 949/36/14 946/15/14 958/13/14
f 951/7/2 947/6/2 953/27/2
f 952/28/9 953/27/9 947/6/9
f 959/3/3 778/4/3 818/37/3
f 818/37/3 778/4/3 817/38/3
f 973/5/103 969/6/103 966/7/103
f 976/8/104 974/9/104 967/10/104
f 967/10/104 974/9/104 968/11/104
f 978/12/105 977/13/105 981/14/105
f 981/14/105 977/13/105 980/15/105
f 971/16/106 979/17/106 983/18/106
f 983/18/106 979/17/106 970/19/106
f 973/20/107 972/21/107 969/22/107
f 969/22/107 972/21/107 970/23/107
f 975/24/108 979/17/108 974/9/108
f 975/24/109 974/9/109 966/25/109
f 966/25/109 974/9/109 976/8/109
f 979/26/110 975/27/110 970/28/110
f 968/11/111 971/16/111 977/29/111
f 978/30/112 967/10/112 977/29/112
f 977/29/112 967/10/112 968/11/112
f 974/9/113 979/17/113 968/11/113
f 968/11/113 979/17/113 971/16/113
f 980/31/114 983/32/114 981/33/114
f 981/33/114 983/32/114 982/34/114
f 983/35/115 980/15/115 971/36/115
f 971/36/115 980/15/115 977/13/115
f 966/7/103 969/6/103 975/27/103
f 970/28/110 975/27/110 969/6/110
f 991/5/4 986/6/4 985/7/4
f 988/8/3 995/9/3 987/10/3
f 987/10/3 995/9/3 993/11/3
f 989/12/2 1001/13/2 997/14/2
f 997/14/2 1001/13/2 999/15/2
f 996/16/16 994/17/16 1000/18/16
f 1000/18/16 994/17/16 992/19/16
f 991/20/13 990/21/13 986/22/13
f 986/22/13 990/21/13 992/23/13
f 1002/24/17 994/17/17 995/9/17
f 1002/24/11 995/9/11 985/25/11
f 985/25/11 995/9/11 988/8/11
f 994/26/18 1002/27/18 992/28/18
f 993/11/19 996/16/19 1001/29/19
f 989/30/8 987/10/8 1001/29/8
f 1001/29/8 987/10/8 993/11/8
f 995/9/20 994/17/20 993/11/20
f 993/11/20 994/17/20 996/16/20
f 999/31/6 1000/32/6 997/33/6
f 997/33/6 1000/32/6 998/34/6
f 1000/35/21 999/15/21 996/36/21
f 996/36/21 999/15/21 1001/13/21
f 985/7/4 986/6/4 1002/27/4
f 992/28/18 1002/27/18 986/6/18
f 865/3/3 959/4/3 302/37/3
f 302/37/3 959/4/3 818/38/3
f 1031/5/103 1028/6/103 1034/7/103
f 1035/8/104 1038/9/104 1027/10/104
f 1027/10/104 1038/9/104 1037/11/104
f 1036/12/105 1044/13/105 1041/14/105
f 1041/14/105 1044/13/105 1043/15/105
f 1039/16/106 1032/17/106 1040/18/106
f 1040/18/106 1032/17/106 1029/19/106
f 1031/20/107 1030/21/107 1028/22/107
f 1028/22/107 1030/21/107 1029/23/107
f 1033/24/108 1032/17/108 1038/9/108
f 1033/24/109 1038/9/109 1034/25/109
f 1034/25/109 1038/9/109 1035/8/109
f 1032/26/110 1033/27/110 1029/28/110
f 1037/11/111 1039/16/111 1044/29/111
f 1036/30/112 1027/10/112 1044/29/112
f 1044/29/112 1027/10/112 1037/11/112
f 1038/9/113 1032/17/113 1037/11/113
f 1037/11/113 1032/17/113 1039/16/113
f 1043/31/114 1040/32/114 1041/33/114
f 1041/33/114 1040/32/114 1042/34/114
f 1040/35/115 1043/15/115 1039/36/115
f 1039/36/115 1043/15/115 1044/13/115
f 1034/7/103 1028/6/103 1033/27/103
f 1029/28/110 1033/27/110 1028/6/110
f 1047/5/4 1050/6/4 1046/7/4
f 1049/8/105 1048/9/105 1056/10/105
f 1056/10/105 1048/9/105 1055/11/105
f 1057/12/2 1054/13/2 1059/14/2
f 1059/14/2 1054/13/2 1062/15/2
f 1061/16/116 1052/17/116 1058/18/116
f 1058/18/116 1052/17/116 1063/19/116
f 1047/20/70 1051/21/70 1050/22/70
f 1050/22/70 1051/21/70 1063/23/70
f 1053/24/117 1052/17/117 1048/9/117
f 1053/24/71 1048/9/71 1046/25/71
f 1046/25/71 1048/9/71 1049/8/71
f 1052/26/118 1053/27/118 1063/28/118
f 1055/11/119 1061/16/119 1054/29/119
f 1057/30/72 1056/10/72 1054/29/72
f 1054/29/72 1056/10/72 1055/11/72
f 1048/9/120 1052/17/120 1055/11/120
f 1055/11/120 1052/17/120 1061/16/120
f 1062/31/69 1058/32/69 1059/33/69
f 1059/33/69 1058/32/69 1060/34/69
f 1058/35/121 1062/15/121 1061/36/121
f 1061/36/121 1062/15/121 1054/13/121
f 1046/7/4 1050/6/4 1053/27/4
f 1063/28/118 1053/27/118 1050/6/118
f 865/3/3 344/4/3 759/37/3
f 759/37/3 344/4/3 471/38/3
f 1074/5/2 1065/6/2 1064/7/2
f 1067/8/3 1077/9/3 1066/10/3
f 1066/10/3 1077/9/3 1076/11/3
f 1069/12/4 1080/13/4 1068/14/4
f 1068/14/4 1080/13/4 1078/15/4
f 1072/16/5 1075/17/5 1070/18/5
f 1070/18/5 1075/17/5 1071/19/5
f 1074/20/6 1073/21/6 1065/22/6
f 1065/22/6 1073/21/6 1071/23/6
f 1081/24/7 1075/17/7 1077/9/7
f 1081/24/8 1077/9/8 1064/25/8
f 1064/25/8 1077/9/8 1067/8/8
f 1075/26/9 1081/27/9 1071/28/9
f 1076/11/10 1072/16/10 1080/29/10
f 1069/30/11 1066/10/11 1080/29/11
f 1080/29/11 1066/10/11 1076/11/11
f 1077/9/12 1075/17/12 1076/11/12
f 1076/11/12 1075/17/12 1072/16/12
f 1078/31/13 1070/32/13 1068/33/13
f 1068/33/13 1070/32/13 1079/34/13
f 1070/35/14 1078/15/14 1072/36/14
f 1072/36/14 1078/15/14 1080/13/14
f 1064/7/2 1065/6/2 1081/27/2
f 1071/28/9 1081/27/9 1065/6/9

usemtl floor_A
f 43/3/15 42/4/15 839/37/15
f 839/37/15 42/4/15 70/38/15
f 737/3/15 89/4/15 624/37/15
f 624/37/15 89/4/15 623/38/15
f 815/3/15 43/4/15 840/37/15
f 840/37/15 43/4/15 839/38/15
f 841/3/15 131/4/15 305/37/15
f 305/37/15 131/4/15 838/38/15
f 69/3/15 145/4/15 68/37/15
f 68/37/15 145/4/15 447/38/15
f 814/3/15 169/4/15 815/37/15
f 815/37/15 169/4/15 43/38/15
f 679/3/3 1026/4/3 754/37/3
f 754/37/3 1026/4/3 503/38/3
f 111/3/15 414/4/15 69/37/15
f 69/37/15 414/4/15 145/38/15
f 523/3/15 1100/4/15 779/37/15
f 779/37/15 1100/4/15 837/38/15
f 779/3/15 837/4/15 862/37/15
f 862/37/15 837/4/15 496/38/15
f 839/3/15 70/4/15 841/37/15
f 841/37/15 70/4/15 131/38/15
f 780/3/15 779/4/15 984/37/15
f 984/37/15 779/4/15 862/38/15
f 1100/3/15 814/4/15 837/37/15
f 837/37/15 814/4/15 815/38/15
f 837/3/15 815/4/15 496/37/15
f 496/37/15 815/4/15 840/38/15
f 305/3/15 838/4/15 306/37/15
f 306/37/15 838/4/15 499/38/15
f 169/3/15 530/4/15 43/37/15
f 43/37/15 530/4/15 42/38/15
f 984/3/15 862/4/15 111/37/15
f 111/37/15 862/4/15 414/38/15
f 449/3/15 663/4/15 1005/37/15
f 1005/37/15 663/4/15 665/38/15

usemtl metal_bars_A
f 66/39/22 63/40/23 62/41/24
f 62/41/24 63/40/23 960/42/25
f 64/43/26 960/42/25 63/40/23
f 962/44/26 960/42/25 64/43/26
f 67/45/27 66/39/22 65/46/27
f 65/46/27 66/39/22 62/41/24
f 666/3/3 130/4/3 526/37/3
f 526/37/3 130/4/3 445/38/3
f 415/47/30 418/48/31 1082/49/32
f 1082/49/32 418/48/31 132/50/33
f 418/48/31 962/51/34 132/50/33
f 133/52/35 415/47/30 1082/49/32
f 419/53/36 415/47/30 133/52/35
f 1085/54/37 419/53/36 133/52/35
f 134/55/38 419/53/36 1085/54/37
f 135/56/39 134/55/38 1085/54/37
f 422/57/40 134/55/38 135/56/39
f 132/50/33 962/51/34 963/58/34
f 136/59/41 422/57/40 135/56/39
f 424/60/42 422/57/40 136/59/41
f 137/61/43 424/60/42 136/59/41
f 426/62/44 424/60/42 137/61/43
f 138/63/45 426/62/44 137/61/43
f 428/64/46 426/62/44 138/63/45
f 139/65/47 428/64/46 138/63/45
f 430/66/48 428/64/46 139/65/47
f 1087/67/49 430/66/48 139/65/47
f 432/68/50 430/66/48 1087/67/49
f 1088/69/51 432/68/50 1087/67/49
f 434/70/52 432/68/50 1088/69/51
f 1089/71/53 434/70/52 1088/69/51
f 436/72/54 434/70/52 1089/71/53
f 1090/73/55 436/72/54 1089/71/53
f 140/74/56 436/72/54 1090/73/55
f 1091/75/57 140/74/56 1090/73/55
f 141/76/58 140/74/56 1091/75/57
f 1092/77/59 141/76/58 1091/75/57
f 142/78/60 141/76/58 1092/77/59
f 1094/79/61 142/78/60 1092/77/59
f 143/80/62 142/78/60 1094/79/61
f 1096/81/63 143/80/62 1094/79/61
f 144/82/64 143/80/62 1096/81/63
f 1098/83/65 144/82/64 1096/81/63
f 443/84/66 144/82/64 1098/83/65
f 1099/85/67 443/84/66 1098/83/65
f 526/86/67 443/84/66 1099/85/67
f 417/47/30 416/48/31 415/49/32
f 415/49/32 416/48/31 418/50/33
f 416/48/31 64/51/34 418/50/33
f 419/52/35 417/47/30 415/49/32
f 420/53/36 417/47/30 419/52/35
f 134/54/37 420/53/36 419/52/35
f 421/55/38 420/53/36 134/54/37
f 422/56/39 421/55/38 134/54/37
f 423/57/40 421/55/38 422/56/39
f 418/50/33 64/51/34 962/58/34
f 424/59/41 423/57/40 422/56/39
f 425/60/42 423/57/40 424/59/41
f 426/61/43 425/60/42 424/59/41
f 427/62/44 425/60/42 426/61/43
f 428/63/45 427/62/44 426/61/43
f 429/64/46 427/62/44 428/63/45
f 430/65/47 429/64/46 428/63/45
f 431/66/48 429/64/46 430/65/47
f 432/67/49 431/66/48 430/65/47
f 433/68/50 431/66/48 432/67/49
f 434/69/51 433/68/50 432/67/49
f 435/70/52 433/68/50 434/69/51
f 436/71/53 435/70/52 434/69/51
f 437/72/54 435/70/52 436/71/53
f 140/73/55 437/72/54 436/71/53
f 438/74/56 437/72/54 140/73/55
f 141/75/57 438/74/56 140/73/55
f 439/76/58 438/74/56 141/75/57
f 142/77/59 439/76/58 141/75/57
f 440/78/60 439/76/58 142/77/59
f 143/79/61 440/78/60 142/77/59
f 441/80/62 440/78/60 143/79/61
f 144/81/63 441/80/62 143/79/61
f 442/82/64 441/80/62 144/81/63
f 443/83/65 442/82/64 144/81/63
f 444/84/66 442/82/64 443/83/65
f 526/85/67 444/84/66 443/83/65
f 445/86/67 444/84/66 526/85/67
f 697/39/22 698/40/23 473/41/24
f 473/41/24 698/40/23 474/42/25
f 1086/43/26 474/42/25 698/40/23
f 789/44/26 474/42/25 1086/43/26
f 476/45/27 697/39/22 475/46/27
f 475/46/27 697/39/22 473/41/24
f 699/39/22 961/40/23 697/41/24
f 697/41/24 961/40/23 698/42/25
f 963/43/26 698/42/25 961/40/23
f 1086/44/26 698/42/25 963/43/26
f 964/45/27 699/39/22 476/46/27
f 476/46/27 699/39/22 697/41/24
f 783/47/30 782/48/31 781/49/32
f 781/49/32 782/48/31 784/50/33
f 782/48/31 1086/51/34 784/50/33
f 785/52/35 783/47/30 781/49/32
f 1083/53/36 783/47/30 785/52/35
f 786/54/37 1083/53/36 785/52/35
f 1084/55/38 1083/53/36 786/54/37
f 787/56/39 1084/55/38 786/54/37
f 788/57/40 1084/55/38 787/56/39
f 784/50/33 1086/51/34 789/58/34
f 790/59/41 788/57/40 787/56/39
f 791/60/42 788/57/40 790/59/41
f 792/61/43 791/60/42 790/59/41
f 793/62/44 791/60/42 792/61/43
f 794/63/45 793/62/44 792/61/43
f 795/64/46 793/62/44 794/63/45
f 796/65/47 795/64/46 794/63/45
f 797/66/48 795/64/46 796/65/47
f 798/67/49 797/66/48 796/65/47
f 799/68/50 797/66/48 798/67/49
f 800/69/51 799/68/50 798/67/49
f 801/70/52 799/68/50 800/69/51
f 802/71/53 801/70/52 800/69/51
f 803/72/54 801/70/52 802/71/53
f 804/73/55 803/72/54 802/71/53
f 805/74/56 803/72/54 804/73/55
f 806/75/57 805/74/56 804/73/55
f 807/76/58 805/74/56 806/75/57
f 808/77/59 807/76/58 806/75/57
f 809/78/60 807/76/58 808/77/59
f 810/79/61 809/78/60 808/77/59
f 1093/80/62 809/78/60 810/79/61
f 811/81/63 1093/80/62 810/79/61
f 1095/82/64 1093/80/62 811/81/63
f 812/83/65 1095/82/64 811/81/63
f 1097/84/66 1095/82/64 812/83/65
f 164/85/67 1097/84/66 812/83/65
f 813/86/67 1097/84/66 164/85/67
f 62/39/22 960/40/23 699/41/24
f 699/41/24 960/40/23 961/42/25
f 962/43/26 961/42/25 960/40/23
f 963/44/26 961/42/25 962/43/26
f 65/45/27 62/39/22 964/46/27
f 964/46/27 62/39/22 699/41/24
f 1082/47/30 132/48/31 783/49/32
f 783/49/32 132/48/31 782/50/33
f 132/48/31 963/51/34 782/50/33
f 1083/52/35 1082/47/30 783/49/32
f 133/53/36 1082/47/30 1083/52/35
f 1084/54/37 133/53/36 1083/52/35
f 1085/55/38 133/53/36 1084/54/37
f 788/56/39 1085/55/38 1084/54/37
f 135/57/40 1085/55/38 788/56/39
f 782/50/33 963/51/34 1086/58/34
f 791/59/41 135/57/40 788/56/39
f 136/60/42 135/57/40 791/59/41
f 793/61/43 136/60/42 791/59/41
f 137/62/44 136/60/42 793/61/43
f 795/63/45 137/62/44 793/61/43
f 138/64/46 137/62/44 795/63/45
f 797/65/47 138/64/46 795/63/45
f 139/66/48 138/64/46 797/65/47
f 799/67/49 139/66/48 797/65/47
f 1087/68/50 139/66/48 799/67/49
f 801/69/51 1087/68/50 799/67/49
f 1088/70/52 1087/68/50 801/69/51
f 803/71/53 1088/70/52 801/69/51
f 1089/72/54 1088/70/52 803/71/53
f 805/73/55 1089/72/54 803/71/53
f 1090/74/56 1089/72/54 805/73/55
f 807/75/57 1090/74/56 805/73/55
f 1091/76/58 1090/74/56 807/75/57
f 809/77/59 1091/76/58 807/75/57
f 1092/78/60 1091/76/58 809/77/59
f 1093/79/61 1092/78/60 809/77/59
f 1094/80/62 1092/78/60 1093/79/61
f 1095/81/63 1094/80/62 1093/79/61
f 1096/82/64 1094/80/62 1095/81/63
f 1097/83/65 1096/82/64 1095/81/63
f 1098/84/66 1096/82/64 1097/83/65
f 813/85/67 1098/84/66 1097/83/65
f 1099/86/67 1098/84/66 813/85/67

usemtl brick_A
f 921/1/28 110/2/28 68/3/28
f 68/3/28 110/2/28 69/4/28
f 130/1/29 472/2/29 70/3/29
f 70/3/29 472/2/29 131/4/29
f 1024/1/28 446/2/28 1004/3/28
f 1004/3/28 446/2/28 448/4/28
f 2/1/1 921/2/1 447/3/1
f 447/3/1 921/2/1 68/4/1
f 110/1/28 109/2/28 69/3/28
f 69/3/28 109/2/28 111/4/28
f 302/1/29 860/2/29 301/3/29
f 301/3/29 860/2/29 303/4/29
f 865/1/29 302/2/29 306/3/29
f 306/3/29 302/2/29 301/4/29
f 344/1/2 865/2/2 499/3/2
f 499/3/2 865/2/2 306/4/2
f 242/100/79 363/101/80 377/102/81
f 377/102/81 363/101/80 984/103/81
f 242/100/79 364/104/82 363/101/80
f 244/105/83 364/104/82 242/100/79
f 244/105/83 365/106/84 364/104/82
f 246/107/85 365/106/84 244/105/83
f 246/107/85 366/108/86 365/106/84
f 248/109/87 366/108/86 246/107/85
f 248/109/87 367/110/88 366/108/86
f 368/111/89 367/110/88 248/109/87
f 368/111/89 369/112/90 367/110/88
f 251/113/91 369/112/90 368/111/89
f 251/113/91 370/114/92 369/112/90
f 253/115/93 370/114/92 251/113/91
f 253/115/93 371/116/94 370/114/92
f 255/117/95 371/116/94 253/115/93
f 255/117/95 372/118/96 371/116/94
f 257/119/97 372/118/96 255/117/95
f 257/119/97 373/120/98 372/118/96
f 374/121/99 373/120/98 257/119/97
f 374/121/99 375/122/100 373/120/98
f 376/123/101 375/122/100 374/121/99
f 376/123/101 779/124/102 375/122/100
f 164/125/102 779/124/102 376/123/101
f 446/1/28 2/2/28 448/3/28
f 448/3/28 2/2/28 447/4/28
f 448/1/28 447/2/28 1005/3/28
f 1005/3/28 447/2/28 449/4/28
f 460/126/28 458/127/28 459/128/28
f 460/126/28 459/128/28 450/129/28
f 461/130/28 452/131/28 130/132/28
f 469/133/28 130/132/28 445/134/28
f 470/135/28 459/128/28 458/127/28
f 450/129/29 130/132/29 459/128/29
f 451/136/29 130/132/29 450/129/29
f 452/131/29 130/132/29 451/136/29
f 462/137/29 130/132/29 461/130/29
f 463/138/29 130/132/29 462/137/29
f 464/139/29 130/132/29 463/138/29
f 453/140/29 130/132/29 464/139/29
f 454/141/29 130/132/29 453/140/29
f 455/142/29 130/132/29 454/141/29
f 465/143/29 130/132/29 455/142/29
f 466/144/29 130/132/29 465/143/29
f 456/145/29 130/132/29 466/144/29
f 467/146/29 130/132/29 456/145/29
f 457/147/29 130/132/29 467/146/29
f 468/148/29 130/132/29 457/147/29
f 468/148/29 469/133/29 130/132/29
f 472/1/29 471/2/29 131/3/29
f 131/3/29 471/2/29 838/4/29
f 471/1/29 344/2/29 838/3/29
f 838/3/29 344/2/29 499/4/29
f 503/1/28 1026/2/28 502/3/28
f 502/3/28 1026/2/28 1025/4/28
f 164/1/28 522/2/28 779/3/28
f 779/3/28 522/2/28 523/4/28
f 524/1/29 1025/2/29 662/3/29
f 662/3/29 1025/2/29 870/4/29
f 757/1/4 529/2/4 169/3/4
f 169/3/4 529/2/4 530/4/4
f 306/1/29 301/2/29 89/3/29
f 89/3/29 301/2/29 623/4/29
f 689/149/134 669/150/135 668/151/136
f 669/150/135 689/149/134 688/152/137
f 668/151/136 669/150/135 670/153/138
f 671/154/139 670/153/138 669/150/135
f 672/155/140 670/153/138 671/154/139
f 671/154/139 669/150/135 683/156/141
f 683/156/141 669/150/135 688/152/137
f 692/157/142 671/154/139 683/156/141
f 692/157/142 672/155/140 671/154/139
f 693/158/143 672/155/140 692/157/142
f 675/159/144 674/160/145 673/161/146
f 673/161/146 674/160/145 676/162/147
f 678/163/148 676/162/147 674/160/145
f 677/164/149 676/162/147 678/163/148
f 678/163/148 680/165/150 677/164/149
f 677/164/149 680/165/150 681/166/151
f 678/167/148 674/168/145 690/169/152
f 690/169/152 674/168/145 685/170/153
f 675/171/144 685/170/153 674/168/145
f 300/4/2 679/172/2 668/158/2
f 668/158/2 679/172/2 689/173/2
f 1026/37/2 689/173/2 679/172/2
f 680/174/2 689/173/2 1026/37/2
f 1025/3/2 680/174/2 1026/37/2
f 681/166/2 680/174/2 1025/3/2
f 692/175/142 683/176/141 682/177/154
f 692/175/142 682/177/154 675/178/144
f 675/178/144 682/177/154 684/179/155
f 675/178/144 684/179/155 685/180/153
f 682/177/154 686/181/156 684/179/155
f 684/179/155 687/182/157 685/180/153
f 684/179/155 686/181/156 687/182/157
f 686/181/156 682/177/154 688/183/137
f 688/183/137 682/177/154 683/176/141
f 689/184/134 686/181/156 688/183/137
f 689/184/134 687/182/157 686/181/156
f 680/174/150 687/182/157 689/184/134
f 685/180/153 687/182/157 690/185/152
f 693/158/4 692/173/4 691/4/4
f 691/4/4 692/173/4 694/172/4
f 675/174/4 694/172/4 692/173/4
f 695/37/4 694/172/4 675/174/4
f 673/166/4 695/37/4 675/174/4
f 696/3/4 695/37/4 673/166/4
f 680/174/150 690/185/152 687/182/157
f 680/186/150 678/167/148 690/169/152
f 679/1/29 754/2/29 300/3/29
f 300/3/29 754/2/29 753/4/29
f 738/100/158 923/101/159 860/102/160
f 860/102/160 923/101/159 303/103/160
f 738/100/158 926/104/161 923/101/159
f 739/105/162 926/104/161 738/100/158
f 739/105/162 928/106/163 926/104/161
f 740/107/164 928/106/163 739/105/162
f 740/107/164 930/108/165 928/106/163
f 741/109/166 930/108/165 740/107/164
f 741/109/166 932/110/167 930/108/165
f 742/111/168 932/110/167 741/109/166
f 742/111/168 934/112/169 932/110/167
f 743/113/170 934/112/169 742/111/168
f 743/113/170 936/114/171 934/112/169
f 744/115/172 936/114/171 743/113/170
f 744/115/172 745/116/173 936/114/171
f 746/117/174 745/116/173 744/115/172
f 746/117/174 747/118/175 745/116/173
f 748/119/176 747/118/175 746/117/174
f 748/119/176 749/120/177 747/118/175
f 750/121/178 749/120/177 748/119/176
f 750/121/178 751/122/179 749/120/177
f 752/123/180 751/122/179 750/121/178
f 752/123/180 300/124/181 751/122/179
f 679/125/181 300/124/181 752/123/180
f 754/1/2 503/2/2 753/3/2
f 753/3/2 503/2/2 502/4/2
f 1101/1/4 757/2/4 814/3/4
f 814/3/4 757/2/4 169/4/4
f 869/100/182 868/101/183 1025/102/184
f 1025/102/184 868/101/183 870/103/184
f 869/100/182 871/104/185 868/101/183
f 1007/105/186 871/104/185 869/100/182
f 1007/105/186 872/106/187 871/104/185
f 1009/107/188 872/106/187 1007/105/186
f 1009/107/188 873/108/189 872/106/187
f 874/109/190 873/108/189 1009/107/188
f 874/109/190 875/110/191 873/108/189
f 1012/111/192 875/110/191 874/109/190
f 1012/111/192 876/112/193 875/110/191
f 877/113/194 876/112/193 1012/111/192
f 877/113/194 878/114/195 876/112/193
f 1015/115/196 878/114/195 877/113/194
f 1015/115/196 879/116/197 878/114/195
f 880/117/198 879/116/197 1015/115/196
f 880/117/198 881/118/199 879/116/197
f 1018/119/200 881/118/199 880/117/198
f 1018/119/200 882/120/201 881/118/199
f 1020/121/202 882/120/201 1018/119/200
f 1020/121/202 883/122/203 882/120/201
f 1022/123/204 883/122/203 1020/121/202
f 1022/123/204 1003/124/205 883/122/203
f 1004/125/205 1003/124/205 1022/123/204
f 923/100/158 922/101/159 303/102/160
f 303/102/160 922/101/159 924/103/160
f 923/100/158 925/104/161 922/101/159
f 926/105/162 925/104/161 923/100/158
f 926/105/162 927/106/163 925/104/161
f 928/107/164 927/106/163 926/105/162
f 928/107/164 929/108/165 927/106/163
f 930/109/166 929/108/165 928/107/164
f 930/109/166 931/110/167 929/108/165
f 932/111/168 931/110/167 930/109/166
f 932/111/168 933/112/169 931/110/167
f 934/113/170 933/112/169 932/111/168
f 934/113/170 935/114/171 933/112/169
f 936/115/172 935/114/171 934/113/170
f 936/115/172 937/116/173 935/114/171
f 745/117/174 937/116/173 936/115/172
f 745/117/174 938/118/175 937/116/173
f 747/119/176 938/118/175 745/117/174
f 747/119/176 939/120/177 938/118/175
f 749/121/178 939/120/177 747/119/176
f 749/121/178 940/122/179 939/120/177
f 751/123/180 940/122/179 749/121/178
f 751/123/180 298/124/181 940/122/179
f 300/125/181 298/124/181 751/123/180
f 109/1/28 377/2/28 111/3/28
f 111/3/28 377/2/28 984/4/28
f 1004/1/28 448/2/28 1003/3/28
f 1003/3/28 448/2/28 1005/4/28
f 301/1/29 303/2/29 623/3/29
f 623/3/29 303/2/29 924/4/29
f 1006/100/182 869/101/183 1026/102/184
f 1026/102/184 869/101/183 1025/103/184
f 1006/100/182 1007/104/185 869/101/183
f 1008/105/186 1007/104/185 1006/100/182
f 1008/105/186 1009/106/187 1007/104/185
f 1010/107/188 1009/106/187 1008/105/186
f 1010/107/188 874/108/189 1009/106/187
f 1011/109/190 874/108/189 1010/107/188
f 1011/109/190 1012/110/191 874/108/189
f 1013/111/192 1012/110/191 1011/109/190
f 1013/111/192 877/112/193 1012/110/191
f 1014/113/194 877/112/193 1013/111/192
f 1014/113/194 1015/114/195 877/112/193
f 1016/115/196 1015/114/195 1014/113/194
f 1016/115/196 880/116/197 1015/114/195
f 1017/117/198 880/116/197 1016/115/196
f 1017/117/198 1018/118/199 880/116/197
f 1019/119/200 1018/118/199 1017/117/198
f 1019/119/200 1020/120/201 1018/118/199
f 1021/121/202 1020/120/201 1019/119/200
f 1021/121/202 1022/122/203 1020/120/201
f 1023/123/204 1022/122/203 1021/121/202
f 1023/123/204 1004/124/205 1022/122/203
f 1024/125/205 1004/124/205 1023/123/204
f 522/1/4 1045/2/4 523/3/4
f 523/3/4 1045/2/4 1100/4/4
f 1045/1/4 1101/2/4 1100/3/4
f 1100/3/4 1101/2/4 814/4/4

usemtl floor_B
f 1003/3/15 662/4/15 168/37/15
f 168/37/15 662/4/15 870/38/15
f 622/3/15 924/4/15 298/37/15
f 298/37/15 924/4/15 223/38/15
f 1005/3/15 665/4/15 1003/37/15
f 1003/37/15 665/4/15 662/38/15
f 624/3/15 623/4/15 622/37/15
f 622/37/15 623/4/15 924/38/15

usemtl metal_plate_A
f 300/1/28 299/2/28 298/3/28
f 298/3/28 299/2/28 622/4/28
f 661/1/29 524/2/29 665/3/29
f 665/3/29 524/2/29 662/4/29
f 664/1/29 661/2/29 663/3/29
f 663/3/29 661/2/29 665/4/29
f 965/1/28 736/2/28 624/3/28
f 624/3/28 736/2/28 737/4/28
f 299/1/28 965/2/28 622/3/28
f 622/3/28 965/2/28 624/4/28

usemtl floor_D
f 304/3/15 841/4/15 625/37/15
f 625/37/15 841/4/15 305/38/15
f 625/3/15 305/4/15 736/37/15
f 736/37/15 305/4/15 306/38/15
f 145/3/15 642/4/15 447/37/15
f 447/37/15 642/4/15 664/38/15
f 862/3/15 496/4/15 414/37/15
f 414/37/15 496/4/15 867/38/15
f 840/3/15 839/4/15 304/37/15
f 304/37/15 839/4/15 841/38/15
f 414/3/15 867/4/15 145/37/15
f 145/37/15 867/4/15 642/38/15

usemtl concrete_A
f 326/5/28 330/6/28 343/7/28
f 336/8/68 341/9/68 339/10/68
f 339/10/68 341/9/68 327/11/68
f 340/12/29 338/13/29 328/14/29
f 328/14/29 338/13/29 329/15/29
f 332/16/122 335/17/122 331/18/122
f 331/18/122 335/17/122 334/19/122
f 326/20/69 333/21/69 330/22/69
f 330/22/69 333/21/69 334/23/69
f 337/24/123 335/17/123 341/9/123
f 337/24/70 341/9/70 343/25/70
f 343/25/70 341/9/70 336/8/70
f 335/26/124 337/27/124 334/28/124
f 327/11/125 332/16/125 338/29/125
f 340/30/71 339/10/71 338/29/71
f 338/29/71 339/10/71 327/11/71
f 341/9/126 335/17/126 327/11/126
f 327/11/126 335/17/126 332/16/126
f 329/31/72 331/32/72 328/33/72
f 328/33/72 331/32/72 342/34/72
f 331/35/127 329/15/127 332/36/127
f 332/36/127 329/15/127 338/13/127
f 343/7/28 330/6/28 337/27/28
f 334/28/124 337/27/124 330/6/124
f 403/5/28 396/6/28 413/7/28
f 407/8/68 406/9/68 397/10/68
f 397/10/68 406/9/68 398/11/68
f 400/12/29 412/13/29 399/14/29
f 399/14/29 412/13/29 410/15/29
f 401/16/122 408/17/122 409/18/122
f 409/18/122 408/17/122 404/19/122
f 403/20/69 402/21/69 396/22/69
f 396/22/69 402/21/69 404/23/69
f 405/24/123 408/17/123 406/9/123
f 405/24/70 406/9/70 413/25/70
f 413/25/70 406/9/70 407/8/70
f 408/26/124 405/27/124 404/28/124
f 398/11/125 401/16/125 412/29/125
f 400/30/71 397/10/71 412/29/71
f 412/29/71 397/10/71 398/11/71
f 406/9/126 408/17/126 398/11/126
f 398/11/126 408/17/126 401/16/126
f 410/31/72 409/32/72 399/33/72
f 399/33/72 409/32/72 411/34/72
f 409/35/127 410/15/127 401/36/127
f 401/36/127 410/15/127 412/13/127
f 413/7/28 396/6/28 405/27/28
f 404/28/124 405/27/124 396/6/124
f 479/5/28 478/6/28 477/7/28
f 484/8/68 480/9/68 486/10/68
f 486/10/68 480/9/68 488/11/68
f 487/12/29 485/13/29 491/14/29
f 491/14/29 485/13/29 490/15/29
f 493/16/122 483/17/122 489/18/122
f 489/18/122 483/17/122 481/19/122
f 479/20/69 482/21/69 478/22/69
f 478/22/69 482/21/69 481/23/69
f 494/24/123 483/17/123 480/9/123
f 494/24/70 480/9/70 477/25/70
f 477/25/70 480/9/70 484/8/70
f 483/26/124 494/27/124 481/28/124
f 488/11/125 493/16/125 485/29/125
f 487/30/71 486/10/71 485/29/71
f 485/29/71 486/10/71 488/11/71
f 480/9/126 483/17/126 488/11/126
f 488/11/126 483/17/126 493/16/126
f 490/31/72 489/32/72 491/33/72
f 491/33/72 489/32/72 492/34/72
f 489/35/127 490/15/127 493/36/127
f 493/36/127 490/15/127 485/13/127
f 477/7/28 478/6/28 494/27/28
f 481/28/124 494/27/124 478/6/124
f 504/5/28 521/6/28 511/7/28
f 513/8/68 512/9/68 505/10/68
f 505/10/68 512/9/68 514/11/68
f 516/12/29 515/13/29 506/14/29
f 506/14/29 515/13/29 518/15/29
f 517/16/122 508/17/122 507/18/122
f 507/18/122 508/17/122 510/19/122
f 504/20/69 509/21/69 521/22/69
f 521/22/69 509/21/69 510/23/69
f 520/24/123 508/17/123 512/9/123
f 520/24/70 512/9/70 511/25/70
f 511/25/70 512/9/70 513/8/70
f 508/26/124 520/27/124 510/28/124
f 514/11/125 517/16/125 515/29/125
f 516/30/71 505/10/71 515/29/71
f 515/29/71 505/10/71 514/11/71
f 512/9/126 508/17/126 514/11/126
f 514/11/126 508/17/126 517/16/126
f 518/31/72 507/32/72 506/33/72
f 506/33/72 507/32/72 519/34/72
f 507/35/127 518/15/127 517/36/127
f 517/36/127 518/15/127 515/13/127
f 511/7/28 521/6/28 520/27/28
f 510/28/124 520/27/124 521/6/124
f 541/5/28 549/6/28 544/7/28
f 534/8/68 533/9/68 532/10/68
f 532/10/68 533/9/68 545/11/68
f 537/12/29 536/13/29 535/14/29
f 535/14/29 536/13/29 538/15/29
f 546/16/122 539/17/122 547/18/122
f 547/18/122 539/17/122 542/19/122
f 541/20/69 540/21/69 549/22/69
f 549/22/69 540/21/69 542/23/69
f 543/24/123 539/17/123 533/9/123
f 543/24/70 533/9/70 544/25/70
f 544/25/70 533/9/70 534/8/70
f 539/26/124 543/27/124 542/28/124
f 545/11/125 546/16/125 536/29/125
f 537/30/71 532/10/71 536/29/71
f 536/29/71 532/10/71 545/11/71
f 533/9/126 539/17/126 545/11/126
f 545/11/126 539/17/126 546/16/126
f 538/31/72 547/32/72 535/33/72
f 535/33/72 547/32/72 548/34/72
f 547/35/127 538/15/127 546/36/127
f 546/36/127 538/15/127 536/13/127
f 544/7/28 549/6/28 543/27/28
f 542/28/124 543/27/124 549/6/124
f 613/5/28 609/6/28 604/7/28
f 616/8/68 615/9/68 605/10/68
f 605/10/68 615/9/68 619/11/68
f 607/12/29 618/13/29 606/14/29
f 606/14/29 618/13/29 608/15/29
f 620/16/122 614/17/122 611/18/122
f 611/18/122 614/17/122 610/19/122
f 613/20/69 612/21/69 609/22/69
f 609/22/69 612/21/69 610/23/69
f 617/24/123 614/17/123 615/9/123
f 617/24/70 615/9/70 604/25/70
f 604/25/70 615/9/70 616/8/70
f 614/26/124 617/27/124 610/28/124
f 619/11/125 620/16/125 618/29/125
f 607/30/71 605/10/71 618/29/71
f 618/29/71 605/10/71 619/11/71
f 615/9/126 614/17/126 619/11/126
f 619/11/126 614/17/126 620/16/126
f 608/31/72 611/32/72 606/33/72
f 606/33/72 611/32/72 621/34/72
f 611/35/127 608/15/127 620/36/127
f 620/36/127 608/15/127 618/13/127
f 604/7/28 609/6/28 617/27/28
f 610/28/124 617/27/124 609/6/124
f 761/5/28 765/6/28 760/7/28
f 770/8/68 768/9/68 762/10/68
f 762/10/68 768/9/68 763/11/68
f 774/12/29 773/13/29 775/14/29
f 775/14/29 773/13/29 776/15/29
f 772/16/122 769/17/122 764/18/122
f 764/18/122 769/17/122 767/19/122
f 761/20/69 766/21/69 765/22/69
f 765/22/69 766/21/69 767/23/69
f 771/24/123 769/17/123 768/9/123
f 771/24/70 768/9/70 760/25/70
f 760/25/70 768/9/70 770/8/70
f 769/26/124 771/27/124 767/28/124
f 763/11/125 772/16/125 773/29/125
f 774/30/71 762/10/71 773/29/71
f 773/29/71 762/10/71 763/11/71
f 768/9/126 769/17/126 763/11/126
f 763/11/126 769/17/126 772/16/126
f 776/31/72 764/32/72 775/33/72
f 775/33/72 764/32/72 777/34/72
f 764/35/127 776/15/127 772/36/127
f 772/36/127 776/15/127 773/13/127
f 760/7/28 765/6/28 771/27/28
f 767/28/124 771/27/124 765/6/124

